id,label
pqejgjsa_s004_t000_1,0
pqejgsfr_s003_t004_45,0
pqejgsfr_s003_t006_23,0
pqejguho_s001_t000_53,0
pqejgrhn_s001_t000_221,0
pqejgnhh_s002_t000_134,1
pqejguho_s003_t002_99,0
pqejgvej_s001_t000_68,0
pqejgrff_s001_t000_97,1
pqejgvej_s001_t000_21,0
pqejgnog_s001_t001_71,0
pqejgsfr_s003_t006_46,0
pqejghgm_s001_t001_97,0
pqejgdyf_s001_t001_3,0
pqejgjsa_s004_t000_21,0
pqejgjsa_s004_t000_14,0
pqejgrff_s001_t000_53,1
pqejgsfr_s003_t007_22,0
pqejgdyf_s001_t001_2,0
pqejgnhh_s002_t000_88,1
pqejgrff_s001_t000_119,0
pqejgnhh_s002_t000_126,1
pqejgnhh_s002_t000_99,1
pqejggiv_s001_t001_67,0
pqejgrhn_s003_t000_0,1
pqejgjsa_s004_t000_24,0
pqejgdix_s002_t002_20,0
pqejgrhn_s001_t000_229,0
pqejgrhn_s001_t000_136,0
pqejgsfr_s003_t007_27,0
pqejgsfr_s003_t003_61,0
pqejgqxi_s001_t002_73,0
pqejgnhh_s002_t000_77,1
pqejgnhh_s002_t000_91,1
pqejgsfr_s003_t003_2,0
pqejgmni_s001_t001_15,1
pqejgsfr_s003_t006_42,0
pqejgsfr_s002_t002_45,0
pqejgsmy_s003_t006_14,1
pqejgrhn_s001_t000_216,1
pqejgnkt_s002_t001_92,0
pqejgsfr_s003_t007_1,0
pqejgnkt_s002_t001_39,0
pqejgfll_s002_t000_45,0
pqejgsfr_s003_t007_41,0
pqejgvej_s001_t000_110,0
pqejgcvm_s001_t000_0,0
pqejghgm_s001_t001_44,0
pqejgmhe_s001_t000_64,0
pqejgnhh_s002_t000_176,0
pqejgvej_s001_t000_106,1
pqejgtld_s003_t001_1,0
pqejgmni_s001_t001_12,1
pqejgsfr_s003_t000_48,1
pqejgrff_s001_t000_95,1
pqejgjsa_s004_t000_18,0
pqejgrhn_s003_t001_79,0
pqejgmni_s001_t001_106,1
pqejgdix_s002_t001_4,1
pqejgrhn_s003_t001_103,0
pqejgdix_s002_t004_13,0
pqejgnog_s001_t001_53,0
pqejgrhn_s003_t001_17,1
pqejgvej_s001_t000_115,1
pqejghgm_s001_t001_96,0
pqejgsfr_s002_t002_52,0
pqejgfll_s002_t000_47,0
pqejgmhe_s001_t000_78,0
pqejgfkt_s005_t001_0,0
pqejgnog_s001_t001_25,0
pqejgnhh_s002_t000_363,0
pqejgrhn_s001_t000_185,1
pqejgnog_s001_t001_52,0
pqejgsfr_s003_t007_49,1
pqejgrff_s001_t000_52,1
pqejgnhh_s002_t000_30,1
pqejgsfr_s002_t003_14,1
pqejgsfr_s002_t002_21,0
pqejgsfr_s003_t006_26,0
pqejgsfr_s002_t002_10,0
pqejgmni_s001_t001_29,1
pqejgfkt_s005_t000_0,0
pqejgmni_s001_t001_9,1
pqejgtld_s003_t001_44,0
pqejgmni_s001_t001_110,1
pqejguho_s001_t000_40,0
pqejghgm_s001_t001_34,0
pqejggiv_s001_t001_119,0
pqejgfkt_s005_t004_23,0
pqejgmjq_s002_t000_82,0
pqejgnhh_s002_t000_142,0
pqejgkzk_s004_t004_20,0
pqejgrhn_s001_t000_59,0
pqejgnhh_s002_t000_385,0
pqejgrhn_s001_t000_41,0
pqejghgm_s001_t001_43,0
pqejgsfr_s002_t003_6,1
pqejgrhn_s001_t000_15,0
pqejgrhn_s001_t000_184,0
pqejgnkt_s002_t001_58,0
pqejgsfr_s003_t007_68,0
pqejgrff_s001_t000_117,0
pqejguho_s003_t002_55,0
pqejgrhn_s001_t000_53,0
pqejgmni_s001_t001_151,1
pqejgsfr_s002_t003_62,1
pqejgfkt_s005_t004_29,0
pqejgfkt_s005_t005_14,1
pqejguho_s004_t005_16,0
pqejgqxi_s001_t002_30,0
pqejguho_s001_t000_37,1
pqejgmni_s001_t001_49,1
pqejgnkt_s002_t001_96,0
pqejgrhn_s003_t001_115,0
pqejgrff_s001_t000_89,0
pqejguho_s003_t002_3,0
pqejgnog_s001_t001_82,0
pqejgtld_s003_t001_46,0
pqejgmhe_s001_t000_7,0
pqejghgm_s001_t001_30,0
pqejgdix_s002_t002_18,0
pqejgsfr_s003_t004_21,0
pqejggiv_s001_t001_108,0
pqejgnhh_s002_t000_406,0
pqejgvej_s001_t000_133,1
pqejgrff_s001_t000_143,0
pqejgrhn_s001_t000_160,0
pqejgsfr_s003_t004_5,0
pqejgkzk_s004_t004_4,0
pqejgnhh_s002_t000_456,0
pqejgnhh_s002_t000_23,1
pqejgrhn_s001_t000_145,0
pqejgnkt_s002_t001_26,0
pqejgfkt_s005_t000_30,0
pqejgmhe_s001_t000_57,0
pqejgmni_s001_t001_82,1
pqejgrhn_s001_t000_69,0
pqejghgm_s001_t001_41,0
pqejgsfr_s002_t003_15,1
pqejgmjq_s002_t000_98,1
pqejgdix_s002_t005_16,0
pqejgmni_s001_t001_79,1
pqejgmni_s001_t001_44,1
pqejgnhh_s002_t000_424,0
pqejgrhn_s001_t000_132,1
pqejggiv_s001_t001_5,0
pqejgrhn_s001_t000_47,0
pqejgqxi_s001_t002_90,0
pqejgdyf_s001_t001_59,0
pqejgvej_s001_t000_39,0
pqejgnhh_s002_t000_33,1
pqejgnhh_s002_t000_196,1
pqejgrhn_s001_t000_227,0
pqejgnhh_s002_t000_318,1
pqejgsfr_s002_t002_55,0
pqejgrhn_s001_t000_130,0
pqejgrhn_s001_t000_255,0
pqejgnkt_s002_t001_90,0
pqejgsfr_s003_t003_55,0
pqejgnhh_s002_t000_194,1
pqejgnkt_s002_t001_121,0
pqejgdix_s002_t004_15,0
pqejgqxi_s001_t002_71,0
pqejgsfr_s002_t002_34,0
pqejgnhh_s002_t000_66,1
pqejgvej_s001_t000_119,0
pqejguho_s004_t003_38,0
pqejgnkt_s002_t001_87,0
pqejgnhh_s002_t000_310,1
pqejgfkt_s005_t004_6,0
pqejgqxi_s001_t002_89,0
pqejgdix_s002_t001_0,0
pqejgtld_s003_t001_25,0
pqejguho_s001_t000_48,0
pqejgrhn_s001_t000_14,0
pqejggiv_s001_t001_8,1
pqejgkzk_s004_t004_10,1
pqejgnih_s003_t000_17,1
pqejgsfr_s003_t007_72,0
pqejgsfr_s002_t002_54,0
pqejgsfr_s003_t004_9,0
pqejgrhn_s001_t000_137,0
pqejgnog_s001_t001_99,0
pqejglig_s002_t000_17,0
pqejgmni_s001_t001_61,1
pqejgsfr_s002_t003_19,1
pqejgmni_s001_t001_91,1
pqejgnog_s001_t001_31,0
pqejgrff_s001_t000_20,1
pqejgqxi_s001_t002_61,0
pqejgnhh_s002_t000_308,1
pqejgmjq_s002_t000_62,1
pqejgnhh_s002_t000_16,0
pqejgrhn_s003_t001_9,1
pqejgmjq_s002_t000_43,0
pqejgrhn_s001_t000_212,0
pqejgmjq_s002_t000_63,1
pqejgrff_s001_t000_90,0
pqejgmni_s001_t001_6,1
pqejggiv_s001_t001_51,0
pqejglig_s002_t000_16,0
pqejgfkt_s005_t004_3,0
pqejgsfr_s003_t003_34,0
pqejgdix_s002_t005_14,0
pqejgnhh_s002_t000_187,0
pqejgqxi_s001_t002_35,0
pqejgsfr_s002_t002_62,0
pqejgmhe_s001_t000_5,0
pqejgrff_s001_t000_129,0
pqejgnkt_s002_t001_74,0
pqejgrhn_s001_t000_188,1
pqejgrhn_s001_t000_179,1
pqejgqxi_s001_t002_43,0
pqejgfkt_s005_t004_12,0
pqejgdix_s002_t001_7,1
pqejgqxi_s001_t002_54,0
pqejgrhn_s001_t000_109,0
pqejggiv_s001_t001_80,0
pqejgmjq_s002_t000_76,1
pqejguho_s001_t000_33,0
pqejggiv_s001_t001_59,0
pqejguho_s003_t002_6,0
pqejgrhn_s001_t000_271,0
pqejgrff_s001_t000_63,1
pqejgnih_s003_t006_14,1
pqejgsfr_s003_t006_1,0
pqejgnog_s001_t001_33,0
pqejguho_s003_t002_33,0
pqejgsfr_s003_t003_47,0
pqejgnhh_s002_t000_270,0
pqejghgm_s001_t001_66,0
pqejgsfr_s002_t003_28,1
pqejguho_s004_t003_1,0
pqejgrhn_s001_t000_189,1
pqejgrhn_s001_t000_142,0
pqejgnog_s001_t001_81,0
pqejgsfr_s002_t003_58,1
pqejguho_s003_t002_13,0
pqejgsfr_s003_t007_2,0
pqejgvej_s001_t000_47,0
pqejgfkt_s005_t005_1,0
pqejgmni_s001_t001_43,1
pqejgnhh_s002_t000_175,1
pqejgrhn_s003_t001_77,1
pqejgfkt_s005_t005_15,1
pqejgmhe_s001_t000_25,0
pqejgrff_s001_t000_47,1
pqejgsfr_s002_t003_8,1
pqejgnhh_s002_t000_241,1
pqejgnkt_s002_t001_35,0
pqejghgm_s001_t001_64,0
pqejgsfr_s003_t006_22,0
pqejgrff_s001_t000_124,0
pqejgmjq_s002_t000_81,0
pqejgmni_s001_t001_28,1
pqejgfkt_s005_t004_27,0
pqejguho_s003_t006_23,0
pqejgmhe_s001_t000_42,0
pqejgfll_s002_t000_8,0
pqejgnhh_s002_t000_347,0
pqejgmjq_s002_t000_42,1
pqejgdix_s002_t002_16,1
pqejgnhh_s002_t000_262,1
pqejgnog_s001_t001_40,1
pqejgsfr_s003_t006_38,0
pqejgrhn_s001_t000_114,0
pqejgnkt_s002_t001_63,0
pqejguho_s004_t003_37,0
pqejgfkt_s005_t002_1,0
pqejgqxi_s001_t002_92,0
pqejgsfr_s003_t004_31,0
pqejgsfr_s003_t007_35,0
pqejguho_s003_t001_3,0
pqejgrhn_s003_t001_104,0
pqejgfkt_s005_t004_21,0
pqejgsfr_s002_t002_8,0
pqejgdyf_s001_t001_66,0
pqejguho_s003_t006_49,0
pqejgdyf_s001_t001_23,0
pqejgqxi_s001_t002_38,0
pqejgsfr_s003_t000_23,0
pqejgrhn_s001_t000_75,0
pqejgnkt_s002_t001_75,0
pqejgqxi_s001_t002_52,0
pqejgnhh_s002_t000_384,0
pqejgjsa_s004_t000_7,0
pqejgsfr_s003_t000_9,0
pqejgmhe_s001_t000_61,0
pqejgrff_s001_t000_68,1
pqejgnih_s003_t000_15,1
pqejgdyf_s001_t001_55,0
pqejgfkt_s005_t000_28,0
pqejgnog_s001_t001_16,0
pqejgvej_s001_t000_73,0
pqejgqxi_s001_t002_82,0
pqejggiv_s001_t001_60,0
pqejgnhh_s002_t000_298,0
pqejgrhn_s001_t000_133,1
pqejgcvm_s001_t000_22,0
pqejgrhn_s003_t001_113,0
pqejgmhe_s001_t000_15,0
pqejgtld_s003_t001_9,0
pqejgdyf_s001_t001_95,0
pqejgrff_s001_t000_17,1
pqejguho_s001_t000_69,0
pqejgjsa_s004_t000_10,0
pqejgrhn_s001_t000_144,0
pqejgsfr_s003_t004_47,0
pqejgvej_s001_t000_53,0
pqejgnhh_s002_t000_98,1
pqejgsfr_s003_t003_4,0
pqejgqxi_s001_t002_36,0
pqejgrhn_s001_t000_115,0
pqejghgm_s001_t001_19,0
pqejgmhe_s001_t000_91,0
pqejguho_s004_t005_1,0
pqejgnhh_s002_t000_369,0
pqejgfll_s002_t000_32,1
pqejgnih_s003_t000_5,1
pqejgmni_s001_t001_163,0
pqejguho_s004_t003_46,0
pqejgnhh_s002_t000_306,1
pqejgrff_s001_t000_118,0
pqejgmni_s001_t001_143,1
pqejgsfr_s002_t002_51,0
pqejgnkt_s002_t001_15,0
pqejguho_s003_t006_11,0
pqejgnhh_s002_t000_403,0
pqejgrhn_s001_t000_38,0
pqejgmni_s001_t001_157,1
pqejgtld_s003_t000_20,0
pqejgrhn_s003_t001_7,1
pqejguho_s003_t006_9,0
pqejgmjq_s002_t000_38,1
pqejgnhh_s002_t000_193,1
pqejgqxi_s001_t002_95,0
pqejgsmy_s003_t006_44,1
pqejgnog_s001_t001_72,0
pqejgnog_s001_t001_60,1
pqejgrhn_s001_t000_7,0
pqejgsfr_s003_t004_1,0
pqejgrhn_s001_t000_276,0
pqejguho_s003_t001_5,0
pqejgrhn_s001_t000_208,1
pqejgnhh_s002_t000_168,1
pqejgnhh_s002_t000_267,0
pqejgnog_s001_t001_8,0
pqejgmhe_s001_t000_79,0
pqejgnhh_s002_t000_118,0
pqejgrhn_s003_t001_117,0
pqejgmjq_s002_t000_29,0
pqejgrff_s001_t000_37,1
pqejgsfr_s003_t006_17,0
pqejgtld_s003_t000_8,0
pqejgmhe_s001_t000_23,0
pqejgqxi_s001_t002_42,0
pqejgcvm_s002_t000_19,0
pqejgmni_s001_t001_132,1
pqejggiv_s001_t001_40,0
pqejgnhh_s002_t000_236,1
pqejghgm_s001_t001_35,0
pqejgmjq_s002_t000_86,0
pqejgvej_s001_t000_83,1
pqejgnog_s001_t001_42,1
pqejgnog_s001_t001_32,0
pqejgsfr_s003_t003_58,0
pqejgmni_s001_t001_96,1
pqejggiv_s001_t001_16,0
pqejgqxi_s001_t002_34,0
pqejgsfr_s003_t004_26,0
pqejgqxi_s001_t002_13,0
pqejgvej_s001_t000_46,0
pqejguho_s001_t000_51,0
pqejgsfr_s003_t003_40,0
pqejgcvm_s001_t001_9,1
pqejgsfr_s003_t007_36,0
pqejguho_s003_t006_0,0
pqejgrhn_s001_t000_97,0
pqejgrhn_s003_t001_2,1
pqejgrhn_s001_t000_108,0
pqejgtld_s003_t001_23,0
pqejgsfr_s003_t006_54,0
pqejgfll_s002_t000_0,0
pqejgnkt_s002_t001_77,0
pqejgdyf_s001_t001_81,0
pqejgnhh_s002_t000_390,0
pqejgnog_s001_t001_74,0
pqejgnhh_s002_t000_13,0
pqejgnhh_s002_t000_367,0
pqejgnhh_s002_t000_250,1
pqejgqxi_s001_t002_83,0
pqejgrff_s001_t000_87,1
pqejgtld_s003_t001_31,0
pqejgnhh_s002_t000_202,1
pqejgrhn_s001_t000_177,1
pqejgdix_s002_t005_2,0
pqejgmhe_s001_t000_43,0
pqejgrhn_s001_t000_248,0
pqejgrhn_s001_t000_195,0
pqejgdyf_s001_t001_99,1
pqejgrhn_s003_t001_18,1
pqejgkzk_s004_t004_19,0
pqejgrhn_s003_t001_90,0
pqejgvej_s001_t000_23,1
pqejgmjq_s002_t000_26,0
pqejguho_s001_t000_70,1
pqejgqxi_s001_t002_12,0
pqejguho_s003_t006_38,0
pqejgnhh_s002_t000_139,0
pqejgnhh_s002_t000_386,0
pqejgvej_s001_t000_20,0
pqejgrff_s001_t000_84,1
pqejgvej_s001_t000_0,0
pqejgdix_s002_t004_14,0
pqejgdix_s002_t004_20,0
pqejgrff_s001_t000_57,0
pqejghgm_s001_t001_26,0
pqejgnkt_s002_t001_86,0
pqejgvej_s001_t000_127,0
pqejgnhh_s002_t000_191,1
pqejgnog_s001_t001_10,0
pqejgnhh_s002_t000_89,1
pqejgrff_s001_t000_149,0
pqejgfkt_s005_t000_36,1
pqejgmhe_s001_t000_40,0
pqejgrhn_s001_t000_49,0
pqejgsfr_s003_t006_24,0
pqejgnkt_s002_t001_68,0
pqejgsfr_s002_t003_13,1
pqejgrhn_s001_t000_167,1
pqejguho_s003_t006_34,0
pqejghgm_s001_t001_39,0
pqejgnhh_s002_t000_100,1
pqejgmni_s001_t001_46,1
pqejggiv_s001_t001_104,0
pqejggiv_s001_t001_33,0
pqejgrhn_s003_t001_21,1
pqejgrhn_s003_t001_67,1
pqejguho_s001_t000_61,0
pqejgsfr_s003_t000_44,0
pqejgfkt_s005_t005_6,0
pqejguho_s003_t006_21,0
pqejguho_s003_t006_48,0
pqejgrhn_s001_t000_219,0
pqejgmni_s001_t001_16,1
pqejgrff_s001_t000_61,1
pqejgsfr_s002_t003_20,1
pqejgnhh_s002_t000_124,0
pqejguho_s003_t002_75,1
pqejggiv_s001_t001_113,0
pqejgnhh_s002_t000_122,0
pqejgtld_s003_t000_2,0
pqejgnog_s001_t001_5,0
pqejgfkt_s005_t000_25,0
pqejgmjq_s002_t000_97,1
pqejgrff_s001_t000_2,1
pqejgqxi_s001_t002_94,0
pqejgkzk_s004_t004_8,1
pqejgrff_s001_t000_15,0
pqejgrhn_s003_t001_62,1
pqejgtld_s003_t000_7,0
pqejgrhn_s003_t001_31,1
pqejgnhh_s002_t000_108,1
pqejgmni_s001_t001_88,1
pqejgnkt_s002_t001_66,0
pqejgrhn_s003_t001_60,1
pqejgvej_s001_t000_6,0
pqejgmhe_s001_t000_45,0
pqejgdyf_s001_t001_57,0
pqejgsfr_s003_t006_28,0
pqejgnhh_s002_t000_380,0
pqejgmni_s001_t001_111,1
pqejghgm_s001_t001_40,0
pqejgmjq_s002_t000_21,1
pqejgvej_s001_t000_42,0
pqejgmjq_s002_t000_58,0
pqejghgm_s001_t001_51,0
pqejgnhh_s002_t000_428,0
pqejgnhh_s002_t000_430,0
pqejgnhh_s002_t000_301,1
pqejgmni_s001_t001_124,1
pqejghgm_s001_t001_61,1
pqejgvej_s001_t000_70,0
pqejgfkt_s005_t000_19,1
pqejgmni_s001_t001_158,1
pqejgsfr_s003_t006_56,0
pqejgsfr_s002_t003_63,1
pqejgnhh_s002_t000_299,1
pqejgrhn_s001_t000_159,0
pqejgrff_s001_t000_77,1
pqejgdix_s002_t004_4,1
pqejgnog_s001_t001_97,1
pqejgnih_s003_t006_2,0
pqejgdyf_s001_t001_44,0
pqejgvej_s001_t000_88,1
pqejgcvm_s001_t000_16,1
pqejgsfr_s003_t007_17,0
pqejgrhn_s003_t001_33,0
pqejgfkt_s005_t000_12,0
pqejguho_s004_t003_6,0
pqejgrhn_s001_t000_148,1
pqejgmjq_s002_t000_68,0
pqejggiv_s001_t001_23,0
pqejgmni_s001_t001_146,1
pqejguho_s003_t002_8,0
pqejgmhe_s001_t000_37,0
pqejguho_s003_t002_62,0
pqejgsfr_s003_t000_50,0
pqejgrhn_s001_t000_63,0
pqejgrhn_s001_t000_205,0
pqejgsmy_s003_t006_27,1
pqejgmni_s001_t001_95,1
pqejgrhn_s003_t001_101,0
pqejgdix_s002_t002_14,1
pqejgsfr_s003_t006_10,0
pqejghgm_s001_t001_60,1
pqejguho_s003_t006_17,0
pqejgsfr_s002_t003_23,1
pqejgrhn_s003_t001_112,1
pqejgvej_s001_t000_105,1
pqejgnhh_s002_t000_201,1
pqejgsfr_s003_t003_5,0
pqejguho_s001_t000_43,1
pqejghgm_s001_t001_29,0
pqejgcvm_s001_t001_8,1
pqejgrff_s001_t000_141,0
pqejgnhh_s002_t000_141,0
pqejgmni_s001_t001_159,1
pqejgnhh_s002_t000_190,1
pqejgrhn_s003_t001_53,1
pqejgmni_s001_t001_86,1
pqejgvej_s001_t000_13,0
pqejgnhh_s002_t000_37,1
pqejgmni_s001_t001_115,1
pqejgsfr_s003_t007_23,0
pqejgfkt_s005_t005_0,0
pqejgsfr_s003_t006_27,0
pqejgrff_s001_t000_109,1
pqejgrhn_s003_t001_89,0
pqejgmhe_s001_t000_29,0
pqejgjsa_s004_t000_23,0
pqejguho_s003_t002_57,0
pqejgvej_s001_t000_104,1
pqejgrff_s001_t000_49,1
pqejgfkt_s005_t000_40,0
pqejgnhh_s002_t000_102,1
pqejgmjq_s002_t000_20,1
pqejgnhh_s002_t000_29,1
pqejgkzk_s004_t004_14,0
pqejgsfr_s003_t007_43,0
pqejgrhn_s001_t000_283,0
pqejgdyf_s001_t001_12,0
pqejguho_s004_t003_8,0
pqejgqxi_s001_t002_0,0
pqejgmjq_s002_t000_61,1
pqejgsfr_s002_t003_3,1
pqejguho_s004_t005_19,0
pqejgnhh_s002_t000_334,1
pqejgdyf_s001_t001_83,0
pqejgrhn_s001_t000_244,0
pqejgnhh_s002_t000_235,1
pqejgnhh_s002_t000_423,0
pqejgsfr_s002_t003_41,1
pqejgrhn_s001_t000_261,0
pqejgrhn_s001_t000_247,0
pqejguho_s003_t002_87,0
pqejgmni_s001_t001_102,1
pqejgvej_s001_t000_149,0
pqejguho_s004_t005_24,0
pqejgvej_s001_t000_2,0
pqejgqxi_s001_t002_86,0
pqejgqxi_s001_t002_79,0
pqejgcvm_s002_t000_3,1
pqejgrhn_s001_t000_285,0
pqejguho_s001_t000_65,0
pqejgnhh_s002_t000_198,1
pqejgfkt_s005_t004_32,0
pqejgrff_s001_t000_25,1
pqejghgm_s001_t001_80,0
pqejgdyf_s001_t001_89,0
pqejgmni_s001_t001_137,1
pqejgqxi_s001_t002_66,0
pqejgsfr_s002_t003_61,1
pqejgsfr_s003_t000_38,0
pqejgfll_s002_t000_37,1
pqejgnhh_s002_t000_395,0
pqejgrhn_s001_t000_84,0
pqejgnkt_s002_t001_94,0
pqejgrhn_s001_t000_82,0
pqejguho_s003_t002_11,0
pqejgvej_s001_t000_91,0
pqejgrhn_s003_t001_106,0
pqejguho_s003_t002_90,0
pqejgmjq_s002_t000_18,1
pqejgrhn_s001_t000_16,0
pqejgnkt_s002_t001_108,0
pqejgrhn_s001_t000_121,0
pqejgdix_s002_t004_9,1
pqejgmni_s001_t001_119,1
pqejgrhn_s001_t000_3,1
pqejgnhh_s002_t000_1,1
pqejgtld_s003_t001_17,0
pqejgmni_s001_t001_23,1
pqejgkzk_s004_t004_6,1
pqejgmhe_s001_t000_72,1
pqejggiv_s001_t001_121,0
pqejgnhh_s002_t000_28,1
pqejgmhe_s001_t000_82,0
pqejgnhh_s002_t000_212,1
pqejguho_s003_t001_19,0
pqejgdyf_s001_t001_8,0
pqejgmni_s001_t001_38,1
pqejguho_s003_t002_97,0
pqejgdyf_s001_t001_84,0
pqejgdix_s002_t001_20,0
pqejgcvm_s001_t001_0,0
pqejgmhe_s001_t000_65,0
pqejgnkt_s002_t001_42,0
pqejgmni_s001_t001_57,1
pqejgnhh_s002_t000_147,1
pqejgsfr_s002_t002_1,0
pqejgrff_s001_t000_140,1
pqejgcvm_s002_t000_13,1
pqejgfll_s002_t000_46,0
pqejgfkt_s005_t005_10,0
pqejgsfr_s002_t003_38,1
pqejgmni_s001_t001_34,1
pqejgrff_s001_t000_111,0
pqejgnhh_s002_t000_43,1
pqejgfkt_s005_t000_21,1
pqejggiv_s001_t001_73,0
pqejguho_s004_t005_7,0
pqejgvej_s001_t000_54,1
pqejgnhh_s002_t000_293,1
pqejgrhn_s001_t000_65,1
pqejgnhh_s002_t000_121,1
pqejgmhe_s001_t000_60,0
pqejgdix_s002_t001_28,0
pqejgsfr_s003_t003_18,0
pqejgrhn_s001_t000_101,0
pqejggiv_s001_t001_29,0
pqejgdyf_s001_t001_92,0
pqejgqxi_s001_t002_31,0
pqejggiv_s001_t001_57,0
pqejgdix_s002_t002_4,0
pqejgsfr_s003_t004_0,0
pqejgsfr_s002_t003_45,1
pqejggiv_s001_t001_96,0
pqejgsmy_s003_t006_22,0
pqejgtld_s003_t001_45,0
pqejglig_s002_t000_14,0
pqejgsfr_s003_t007_62,0
pqejgsmy_s003_t006_9,0
pqejgdyf_s001_t001_101,0
pqejguho_s001_t000_9,0
pqejgnhh_s002_t000_5,1
pqejgdyf_s001_t001_17,0
pqejgmhe_s001_t000_105,0
pqejgnih_s003_t000_1,1
pqejgdyf_s001_t001_45,0
pqejgrhn_s003_t001_108,0
pqejgnkt_s002_t001_118,0
pqejgnhh_s002_t000_36,1
pqejgnih_s003_t000_0,1
pqejguho_s003_t002_12,0
pqejgsfr_s003_t006_16,0
pqejgnhh_s002_t000_111,1
pqejgmhe_s001_t000_107,0
pqejguho_s003_t002_53,0
pqejgmni_s001_t001_17,1
pqejgnhh_s002_t000_467,0
pqejgmni_s001_t001_89,1
pqejgnih_s003_t006_1,0
pqejgdyf_s001_t001_72,0
pqejgmni_s001_t001_65,1
pqejghgm_s001_t001_88,0
pqejgdyf_s001_t001_39,0
pqejgrff_s001_t000_137,0
pqejgnkt_s002_t001_107,0
pqejgnhh_s002_t000_358,0
pqejgrhn_s001_t000_245,0
pqejgmni_s001_t001_117,1
pqejguho_s003_t002_93,0
pqejgvej_s001_t000_95,1
pqejgmhe_s001_t000_92,0
pqejguho_s001_t000_18,0
pqejgvej_s001_t000_10,0
pqejgnhh_s002_t000_381,0
pqejgnhh_s002_t000_127,1
pqejgsfr_s002_t002_61,0
pqejgrhn_s001_t000_169,0
pqejgrhn_s001_t000_106,0
pqejgfkt_s005_t004_26,0
pqejgsfr_s003_t000_33,0
pqejgrhn_s001_t000_187,1
pqejgfkt_s005_t000_16,0
pqejgnhh_s002_t000_110,1
pqejgmjq_s002_t000_56,1
pqejguho_s001_t000_50,0
pqejggiv_s001_t001_4,0
pqejgnog_s001_t001_105,0
pqejgrhn_s001_t000_277,0
pqejgsfr_s003_t003_25,0
pqejgvej_s001_t000_81,1
pqejgrhn_s001_t000_235,0
pqejgnkt_s002_t001_22,0
pqejgsfr_s002_t002_39,0
pqejgdix_s002_t005_13,0
pqejgqxi_s001_t002_24,0
pqejgmhe_s001_t000_54,0
pqejgrhn_s003_t001_52,1
pqejgnkt_s002_t001_56,0
pqejguho_s003_t006_8,0
pqejgrhn_s001_t000_72,1
pqejgfll_s002_t000_22,1
pqejgnhh_s002_t000_291,1
pqejguho_s003_t002_76,1
pqejgfkt_s005_t000_32,1
pqejgmhe_s001_t000_33,0
pqejgnhh_s002_t000_21,1
pqejgvej_s001_t000_59,0
pqejgrhn_s001_t000_170,0
pqejgsfr_s003_t004_43,0
pqejgsfr_s003_t004_13,0
pqejgmhe_s001_t000_109,0
pqejgrff_s001_t000_107,1
pqejguho_s004_t003_41,0
pqejgdix_s002_t001_19,0
pqejgnhh_s002_t000_146,1
pqejgsfr_s002_t003_37,1
pqejguho_s001_t000_21,0
pqejghgm_s001_t001_32,1
pqejgnkt_s002_t001_111,0
pqejgnog_s001_t001_45,0
pqejguho_s003_t001_16,0
pqejgmni_s001_t001_8,1
pqejgsfr_s002_t003_18,1
pqejgkzk_s004_t004_7,1
pqejguho_s003_t002_5,0
pqejgnhh_s002_t000_79,1
pqejgnhh_s002_t000_292,1
pqejgrhn_s003_t001_110,0
pqejgmni_s001_t001_92,1
pqejgsfr_s003_t003_64,0
pqejgrhn_s001_t000_199,0
pqejgjsa_s004_t000_3,0
pqejgmhe_s001_t000_106,0
pqejggiv_s001_t001_2,0
pqejgdyf_s001_t001_53,0
pqejgsfr_s003_t006_6,0
pqejguho_s003_t006_28,0
pqejgnhh_s002_t000_25,1
pqejgvej_s001_t000_24,0
pqejgnog_s001_t001_4,0
pqejgmni_s001_t001_21,1
pqejgsfr_s002_t003_25,1
pqejgvej_s001_t000_154,0
pqejgrhn_s001_t000_90,0
pqejgmjq_s002_t000_87,0
pqejguho_s004_t005_4,0
pqejgnog_s001_t001_88,0
pqejgmhe_s001_t000_13,0
pqejgnog_s001_t001_98,0
pqejgvej_s001_t000_11,0
pqejgsfr_s003_t004_48,0
pqejgrhn_s001_t000_206,0
pqejgdix_s002_t002_2,0
pqejgtld_s003_t001_16,0
pqejgnhh_s002_t000_106,1
pqejguho_s003_t002_27,0
pqejgsfr_s003_t006_58,0
pqejgsfr_s002_t002_63,0
pqejgmjq_s002_t000_7,0
pqejgmjq_s002_t000_73,0
pqejgsfr_s003_t006_50,1
pqejgnhh_s002_t000_85,1
pqejgrhn_s003_t001_14,1
pqejgnhh_s002_t000_217,1
pqejguho_s003_t006_42,0
pqejgjsa_s004_t000_16,0
pqejgdyf_s001_t001_54,0
pqejghgm_s001_t001_65,0
pqejgmhe_s001_t000_48,0
pqejgnkt_s002_t001_109,0
pqejgdix_s002_t002_5,0
pqejgqxi_s001_t002_67,0
pqejghgm_s001_t001_59,0
pqejgrhn_s001_t000_265,0
pqejgmjq_s002_t000_57,0
pqejguho_s003_t001_10,1
pqejgnog_s001_t001_93,0
pqejgfkt_s005_t004_25,0
pqejgdix_s002_t004_0,0
pqejgnhh_s002_t000_22,1
pqejgrhn_s001_t000_232,0
pqejgnhh_s002_t000_319,1
pqejgrhn_s003_t001_120,0
pqejgmhe_s001_t000_86,0
pqejgmhe_s001_t000_8,0
pqejguho_s003_t006_37,0
pqejglig_s002_t000_0,1
pqejgcvm_s001_t001_11,1
pqejguho_s003_t006_39,0
pqejgnhh_s002_t000_337,0
pqejgsfr_s002_t003_52,1
pqejgnhh_s002_t000_281,1
pqejgsfr_s003_t003_39,0
pqejgvej_s001_t000_79,1
pqejgdix_s002_t001_13,0
pqejgmhe_s001_t000_55,0
pqejgnhh_s002_t000_94,1
pqejgvej_s001_t000_146,0
pqejgcvm_s001_t000_13,1
pqejguho_s004_t003_11,0
pqejgtld_s003_t000_12,0
pqejgnkt_s002_t001_102,0
pqejgnhh_s002_t000_451,0
pqejgnhh_s002_t000_4,1
pqejgnog_s001_t001_103,0
pqejgdix_s002_t002_1,0
pqejgrhn_s001_t000_233,0
pqejglig_s002_t000_3,1
pqejgfll_s002_t000_33,1
pqejgrff_s001_t000_12,1
pqejgsfr_s002_t003_33,1
pqejgsfr_s003_t006_36,0
pqejgrhn_s001_t000_19,0
pqejgrff_s001_t000_72,1
pqejgnhh_s002_t000_256,1
pqejgrff_s001_t000_24,1
pqejgrhn_s001_t000_267,0
pqejgfkt_s005_t000_34,1
pqejgmni_s001_t001_101,1
pqejgsfr_s002_t002_47,0
pqejggiv_s001_t001_77,0
pqejgvej_s001_t000_129,0
pqejgsfr_s003_t007_56,0
pqejgsfr_s003_t004_2,0
pqejgnhh_s002_t000_463,0
pqejgmni_s001_t001_35,1
pqejgnhh_s002_t000_158,1
pqejghgm_s001_t001_6,0
pqejgmni_s001_t001_99,1
pqejgsfr_s003_t004_50,0
pqejgnog_s001_t001_91,0
pqejgrff_s001_t000_1,1
pqejgdyf_s001_t001_25,0
pqejgsfr_s003_t004_46,0
pqejgtld_s003_t001_4,0
pqejggiv_s001_t001_106,0
pqejgrhn_s003_t001_87,0
pqejgrhn_s001_t000_45,0
pqejgnkt_s002_t001_23,0
pqejgnkt_s002_t001_32,0
pqejgmni_s001_t001_118,1
pqejgmhe_s001_t000_39,0
pqejgrhn_s003_t001_29,1
pqejgnkt_s002_t001_122,0
pqejgnhh_s002_t000_425,0
pqejgnhh_s002_t000_75,1
pqejgmjq_s002_t000_80,1
pqejgmni_s001_t001_74,1
pqejgnih_s003_t006_6,0
pqejgmni_s001_t001_19,1
pqejgnhh_s002_t000_84,1
pqejguho_s003_t002_37,0
pqejguho_s003_t002_86,0
pqejgfll_s002_t000_18,0
pqejgrhn_s003_t001_37,1
pqejgmni_s001_t001_41,1
pqejgnhh_s002_t000_383,0
pqejgfkt_s005_t003_0,0
pqejgrhn_s003_t001_19,1
pqejgnhh_s002_t000_207,1
pqejggiv_s001_t001_24,0
pqejgnhh_s002_t000_7,1
pqejgsmy_s003_t006_26,0
pqejgrhn_s001_t000_67,0
pqejgfkt_s005_t005_4,0
pqejgrff_s001_t000_71,1
pqejgsfr_s002_t003_29,1
pqejgtld_s003_t000_4,0
pqejgsfr_s003_t000_13,0
pqejgnih_s003_t000_12,1
pqejggiv_s001_t001_114,0
pqejgsfr_s002_t003_17,1
pqejgfll_s002_t000_16,0
pqejguho_s001_t000_6,0
pqejgfkt_s005_t000_9,0
pqejgcvm_s001_t001_12,1
pqejgfkt_s005_t000_7,0
pqejgnhh_s002_t000_233,1
pqejgsfr_s003_t003_53,0
pqejgmni_s001_t001_90,1
pqejguho_s003_t002_10,0
pqejgdix_s002_t005_23,0
pqejgrhn_s001_t000_194,0
pqejgnhh_s002_t000_80,1
pqejgmjq_s002_t000_64,1
pqejguho_s003_t002_94,0
pqejgrhn_s001_t000_78,0
pqejgrff_s001_t000_21,1
pqejgqxi_s001_t002_53,0
pqejgvej_s001_t000_44,0
pqejgsfr_s003_t000_6,0
pqejgnog_s001_t001_66,0
pqejgnog_s001_t001_41,1
pqejgnhh_s002_t000_365,0
pqejgnhh_s002_t000_45,1
pqejgrhn_s001_t000_238,0
pqejgvej_s001_t000_80,1
pqejgrff_s001_t000_104,1
pqejgdyf_s001_t001_71,0
pqejggiv_s001_t001_84,0
pqejgrhn_s003_t001_105,0
pqejgrhn_s001_t000_213,0
pqejgsfr_s003_t006_13,0
pqejgdix_s002_t005_15,0
pqejgqxi_s001_t002_25,0
pqejglig_s002_t000_9,0
pqejgsfr_s003_t004_17,0
pqejgrhn_s001_t000_278,0
pqejguho_s004_t005_11,0
pqejggiv_s001_t001_70,0
pqejgrhn_s001_t000_52,0
pqejgdix_s002_t004_16,0
pqejggiv_s001_t001_109,0
pqejgsfr_s003_t003_20,0
pqejgsfr_s003_t003_16,0
pqejgsfr_s002_t002_11,0
pqejgnhh_s002_t000_62,1
pqejgqxi_s001_t002_15,0
pqejgrhn_s001_t000_56,0
pqejgmni_s001_t001_138,1
pqejghgm_s001_t001_8,0
pqejgsfr_s003_t006_55,0
pqejgsfr_s002_t002_19,1
pqejgvej_s001_t000_144,0
pqejgnhh_s002_t000_287,1
pqejgrff_s001_t000_128,0
pqejgsfr_s003_t003_28,0
pqejgnkt_s002_t001_80,0
pqejguho_s003_t006_20,0
pqejgmjq_s002_t000_50,0
pqejgkzk_s004_t004_2,1
pqejgmjq_s002_t000_9,0
pqejgvej_s001_t000_117,0
pqejgsfr_s003_t007_8,0
pqejgmhe_s001_t000_90,0
pqejgnog_s001_t001_64,0
pqejguho_s003_t002_48,0
pqejgnhh_s002_t000_389,0
pqejgnhh_s002_t000_316,0
pqejgvej_s001_t000_109,0
pqejgnhh_s002_t000_226,1
pqejguho_s001_t000_14,0
pqejgrhn_s003_t001_65,1
pqejgnhh_s002_t000_427,0
pqejgnhh_s002_t000_258,1
pqejgnhh_s002_t000_346,1
pqejgmjq_s002_t000_10,0
pqejgfkt_s005_t000_5,0
pqejgtld_s003_t000_15,0
pqejgmjq_s002_t000_4,0
pqejgsfr_s003_t003_10,0
pqejguho_s003_t002_24,0
pqejguho_s004_t003_22,0
pqejggiv_s001_t001_1,0
pqejgdix_s002_t001_5,1
pqejgqxi_s001_t002_41,0
pqejgcvm_s002_t000_17,0
pqejgsfr_s003_t000_27,0
pqejgdyf_s001_t001_70,0
pqejgtld_s003_t001_42,0
pqejguho_s003_t002_63,0
pqejgrff_s001_t000_130,0
pqejgsfr_s002_t002_31,0
pqejgrhn_s001_t000_150,0
pqejgrhn_s001_t000_0,1
pqejgnhh_s002_t000_115,1
pqejgmni_s001_t001_155,1
pqejggiv_s001_t001_37,0
pqejgsmy_s003_t006_41,1
pqejgnhh_s002_t000_249,1
pqejgfkt_s005_t005_5,0
pqejgtld_s003_t001_19,0
pqejgmni_s001_t001_76,1
pqejgcvm_s001_t001_6,1
pqejgnhh_s002_t000_351,1
pqejgtld_s003_t001_24,0
pqejguho_s001_t000_12,0
pqejgmjq_s002_t000_95,0
pqejgsfr_s003_t000_46,0
pqejggiv_s001_t001_41,0
pqejgnhh_s002_t000_8,1
pqejgjsa_s004_t000_11,0
pqejgmni_s001_t001_56,1
pqejgdyf_s001_t001_43,0
pqejgvej_s001_t000_156,0
pqejgrhn_s001_t000_73,1
pqejgmhe_s001_t000_85,0
pqejgrhn_s003_t001_109,0
pqejgmni_s001_t001_2,1
pqejguho_s003_t006_14,0
pqejgsfr_s002_t002_6,0
pqejgmni_s001_t001_52,1
pqejgnhh_s002_t000_153,0
pqejgkzk_s004_t004_12,0
pqejgnhh_s002_t000_276,1
pqejgmni_s001_t001_128,1
pqejguho_s003_t001_22,0
pqejgsfr_s003_t004_18,0
pqejgnhh_s002_t000_371,0
pqejgnhh_s002_t000_354,0
pqejgvej_s001_t000_116,1
pqejgnhh_s002_t000_51,1
pqejgnhh_s002_t000_205,1
pqejgnhh_s002_t000_129,1
pqejgvej_s001_t000_32,0
pqejgrhn_s003_t001_86,1
pqejgtld_s003_t000_14,0
pqejgnhh_s002_t000_12,1
pqejgrhn_s001_t000_275,0
pqejgrhn_s001_t000_138,1
pqejgmni_s001_t001_42,1
pqejgdyf_s001_t001_9,0
pqejgnkt_s002_t001_98,0
pqejgnhh_s002_t000_64,1
pqejgcvm_s001_t001_10,1
pqejgnih_s003_t000_16,1
pqejguho_s003_t006_35,0
pqejgrff_s001_t000_6,1
pqejgsfr_s003_t007_26,0
pqejggiv_s001_t001_105,0
pqejghgm_s001_t001_94,0
pqejgqxi_s001_t002_84,0
pqejgnkt_s002_t001_5,0
pqejgcvm_s001_t000_2,0
pqejgtld_s003_t001_34,0
pqejgrhn_s001_t000_279,0
pqejggiv_s001_t001_65,0
pqejgsfr_s002_t003_0,1
pqejguho_s004_t005_10,0
pqejgnhh_s002_t000_203,1
pqejgrhn_s001_t000_260,0
pqejgdyf_s001_t001_80,0
pqejgsfr_s003_t000_30,0
pqejgnih_s003_t006_3,1
pqejgnog_s001_t001_50,0
pqejgdix_s002_t004_5,1
pqejgfkt_s005_t004_18,1
pqejgnhh_s002_t000_227,1
pqejguho_s003_t006_29,0
pqejgtld_s003_t001_21,0
pqejgrhn_s001_t000_135,0
pqejgrhn_s001_t000_214,1
pqejgsfr_s003_t000_22,0
pqejguho_s003_t001_23,0
pqejgrff_s001_t000_56,1
pqejgtld_s003_t001_41,0
pqejgnhh_s002_t000_336,0
pqejgrhn_s003_t001_16,1
pqejgnih_s003_t006_17,0
pqejgnhh_s002_t000_284,1
pqejgrhn_s001_t000_37,0
pqejgmjq_s002_t000_67,1
pqejguho_s004_t003_49,0
pqejgrff_s001_t000_48,1
pqejgsfr_s002_t002_60,1
pqejgnog_s001_t001_73,0
pqejgfll_s002_t000_43,0
pqejgrff_s001_t000_9,1
pqejgnog_s001_t001_96,1
pqejgvej_s001_t000_128,0
pqejguho_s004_t003_45,0
pqejglig_s002_t000_4,0
pqejgrhn_s003_t000_3,1
pqejgmhe_s001_t000_46,0
pqejgmni_s001_t001_55,1
pqejgmni_s001_t001_142,1
pqejgfkt_s005_t004_8,0
pqejgmjq_s002_t000_6,0
pqejgmni_s001_t001_140,1
pqejgrhn_s001_t000_57,0
pqejgnhh_s002_t000_438,0
pqejguho_s003_t006_22,0
pqejgrhn_s001_t000_258,0
pqejgsfr_s003_t004_23,0
pqejglig_s002_t000_2,0
pqejgcvm_s001_t001_1,1
pqejgnkt_s002_t001_116,0
pqejgnog_s001_t001_30,0
pqejgmhe_s001_t000_27,0
pqejgsfr_s003_t004_28,0
pqejgnhh_s002_t000_322,1
pqejguho_s001_t000_36,1
pqejguho_s004_t005_3,0
pqejgvej_s001_t000_99,1
pqejgnkt_s002_t001_2,0
pqejggiv_s001_t001_75,0
pqejguho_s004_t003_30,0
pqejgnog_s001_t001_46,0
pqejgrhn_s003_t001_69,1
pqejgnhh_s002_t000_342,1
pqejgrhn_s001_t000_226,0
pqejgrhn_s003_t001_99,0
pqejgrhn_s001_t000_92,0
pqejgfkt_s005_t005_7,0
pqejgsfr_s002_t002_36,0
pqejggiv_s001_t001_110,0
pqejgnhh_s002_t000_326,1
pqejgsfr_s002_t003_5,1
pqejgnhh_s002_t000_114,1
pqejgsfr_s002_t003_49,1
pqejggiv_s001_t001_45,0
pqejgsfr_s003_t006_37,0
pqejgnhh_s002_t000_368,0
pqejgmjq_s002_t000_35,1
pqejgjsa_s004_t000_4,0
pqejgdix_s002_t002_7,1
pqejgcvm_s001_t000_15,1
pqejgnhh_s002_t000_76,1
pqejgmjq_s002_t000_40,1
pqejgsfr_s003_t003_19,0
pqejgnog_s001_t001_87,0
pqejguho_s001_t000_7,0
pqejgfkt_s005_t004_24,0
pqejgnhh_s002_t000_400,0
pqejgrhn_s001_t000_30,0
pqejggiv_s001_t001_47,0
pqejgrhn_s003_t001_23,1
pqejgfkt_s005_t005_2,0
pqejgsfr_s003_t006_35,0
pqejgmni_s001_t001_68,1
pqejgrhn_s001_t000_116,0
pqejgrff_s001_t000_99,0
pqejgqxi_s001_t002_62,0
pqejgvej_s001_t000_122,0
pqejgmni_s001_t001_60,1
pqejgtld_s003_t000_10,0
pqejgrhn_s001_t000_118,0
pqejgrhn_s001_t000_207,1
pqejgnhh_s002_t000_228,1
pqejgdix_s002_t004_23,0
pqejgvej_s001_t000_25,0
pqejgmjq_s002_t000_47,0
pqejgsfr_s003_t006_15,0
pqejgrhn_s001_t000_223,0
pqejgrhn_s001_t000_197,0
pqejgdyf_s001_t001_19,0
pqejguho_s001_t000_11,0
pqejgfll_s002_t000_40,0
pqejgsfr_s003_t006_21,0
pqejgsfr_s003_t007_21,0
pqejgnkt_s002_t001_114,0
pqejgrhn_s001_t000_181,1
pqejgrhn_s001_t000_12,0
pqejgrff_s001_t000_145,1
pqejgsfr_s003_t007_58,0
pqejgrff_s001_t000_76,1
pqejgdyf_s001_t001_49,0
pqejgmni_s001_t001_33,1
pqejgnhh_s002_t000_378,0
pqejgnkt_s002_t001_18,0
pqejgnhh_s002_t000_251,1
pqejgcvm_s002_t000_18,0
pqejgrhn_s001_t000_134,0
pqejgnog_s001_t001_49,0
pqejghgm_s001_t001_12,0
pqejgfkt_s005_t004_34,0
pqejgsfr_s002_t002_27,0
pqejgvej_s001_t000_7,0
pqejgnhh_s002_t000_442,0
pqejgtld_s003_t001_36,0
pqejgnhh_s002_t000_296,0
pqejgmjq_s002_t000_52,1
pqejgvej_s001_t000_155,0
pqejguho_s004_t003_54,0
pqejgnkt_s002_t001_99,0
pqejgnhh_s002_t000_223,1
pqejggiv_s001_t001_56,0
pqejgrhn_s001_t000_250,0
pqejgrhn_s001_t000_201,0
pqejghgm_s001_t001_15,0
pqejgsmy_s003_t006_1,0
pqejgsfr_s003_t000_20,0
pqejgdyf_s001_t001_42,0
pqejgfll_s002_t000_20,0
pqejgnhh_s002_t000_382,0
pqejgmni_s001_t001_149,1
pqejgsmy_s003_t006_30,0
pqejgrff_s001_t000_34,1
pqejgnih_s003_t006_24,1
pqejgdyf_s001_t001_63,0
pqejgvej_s001_t000_61,0
pqejgrff_s001_t000_147,1
pqejghgm_s001_t001_50,0
pqejgrhn_s001_t000_33,0
pqejgnhh_s002_t000_221,1
pqejgsmy_s003_t006_23,0
pqejgrff_s001_t000_139,1
pqejgrhn_s001_t000_28,0
pqejgdix_s002_t002_6,1
pqejgdyf_s001_t001_18,0
pqejgsfr_s002_t002_57,0
pqejgmjq_s002_t000_15,0
pqejgnhh_s002_t000_279,1
pqejgmhe_s001_t000_14,0
pqejgrhn_s003_t001_47,1
pqejguho_s003_t002_66,0
pqejgsfr_s003_t004_6,1
pqejgnhh_s002_t000_177,1
pqejgmjq_s002_t000_41,1
pqejgnhh_s002_t000_70,1
pqejgrhn_s003_t001_88,0
pqejgdyf_s001_t001_6,0
pqejgrhn_s001_t000_87,0
pqejgrhn_s001_t000_35,0
pqejgnog_s001_t001_12,0
pqejgkzk_s004_t004_1,1
pqejgsfr_s003_t004_15,0
pqejgmhe_s001_t000_75,1
pqejgcvm_s001_t000_10,1
pqejgvej_s001_t000_92,0
pqejgfkt_s005_t004_15,0
pqejgjsa_s004_t000_13,0
pqejguho_s004_t003_0,0
pqejgsfr_s002_t002_38,0
pqejgqxi_s001_t002_55,0
pqejgnhh_s002_t000_349,0
pqejgnhh_s002_t000_379,0
pqejgdix_s002_t001_16,1
pqejghgm_s001_t001_84,1
pqejgnhh_s002_t000_10,1
pqejglig_s002_t000_6,0
pqejgsfr_s003_t007_59,0
pqejgrhn_s001_t000_54,0
pqejgrhn_s003_t001_102,1
pqejguho_s003_t002_73,0
pqejgsfr_s002_t002_26,0
pqejgfkt_s005_t004_1,0
pqejgmhe_s001_t000_74,1
pqejguho_s004_t003_34,0
pqejgsfr_s003_t007_64,0
pqejgvej_s001_t000_17,0
pqejgfkt_s005_t001_5,0
pqejgdix_s002_t001_23,0
pqejgsfr_s003_t007_60,0
pqejgdyf_s001_t001_87,0
pqejgsfr_s003_t003_42,0
pqejgvej_s001_t000_12,0
pqejggiv_s001_t001_18,0
pqejggiv_s001_t001_13,0
pqejgvej_s001_t000_125,0
pqejgsfr_s002_t002_48,0
pqejgnhh_s002_t000_394,0
pqejgmni_s001_t001_147,1
pqejguho_s003_t002_67,0
pqejgsfr_s003_t007_70,0
pqejgsfr_s003_t006_31,0
pqejgmjq_s002_t000_36,1
pqejgsfr_s003_t000_28,0
pqejgtld_s003_t001_8,0
pqejgsfr_s003_t007_28,1
pqejgnkt_s002_t001_25,0
pqejguho_s003_t006_2,0
pqejgnog_s001_t001_51,0
pqejgmni_s001_t001_59,1
pqejgmjq_s002_t000_55,1
pqejgnhh_s002_t000_377,0
pqejgsfr_s003_t003_15,0
pqejgcvm_s002_t000_10,1
pqejgtld_s003_t001_14,0
pqejgnhh_s002_t000_210,1
pqejgcvm_s002_t000_2,1
pqejgrhn_s001_t000_26,0
pqejguho_s003_t002_95,0
pqejgrhn_s003_t001_75,1
pqejgvej_s001_t000_112,0
pqejgvej_s001_t000_18,0
pqejguho_s003_t006_40,0
pqejguho_s004_t003_33,0
pqejgrhn_s001_t000_55,0
pqejgnih_s003_t006_23,1
pqejgmhe_s001_t000_87,0
pqejgmhe_s001_t000_31,0
pqejgsmy_s003_t006_15,1
pqejggiv_s001_t001_66,0
pqejgnhh_s002_t000_402,0
pqejgjsa_s004_t000_17,0
pqejgnog_s001_t001_7,0
pqejgrhn_s001_t000_141,0
pqejguho_s001_t000_13,0
pqejgrhn_s001_t000_147,0
pqejgvej_s001_t000_135,0
pqejgdyf_s001_t001_32,0
pqejgmni_s001_t001_153,1
pqejgdix_s002_t002_22,0
pqejgsfr_s003_t007_54,0
pqejgsfr_s003_t003_3,0
pqejgrhn_s001_t000_93,0
pqejgmjq_s002_t000_100,0
pqejgnkt_s002_t001_57,0
pqejgfkt_s005_t000_24,1
pqejgnhh_s002_t000_6,1
pqejguho_s003_t002_88,0
pqejgfll_s002_t000_52,0
pqejgsfr_s003_t004_27,0
pqejghgm_s001_t001_68,0
pqejgsfr_s002_t002_7,0
pqejgnhh_s002_t000_73,1
pqejgsfr_s003_t003_48,0
pqejgvej_s001_t000_67,0
pqejggiv_s001_t001_17,0
pqejgdix_s002_t004_11,1
pqejguho_s003_t001_7,0
pqejguho_s001_t000_64,0
pqejgsfr_s002_t003_2,1
pqejgcvm_s002_t000_11,1
pqejgsfr_s003_t003_49,0
pqejgnkt_s002_t001_61,0
pqejgsfr_s003_t007_50,0
pqejgsfr_s003_t004_24,0
pqejgdyf_s001_t001_26,0
pqejgsfr_s003_t003_59,0
pqejgmni_s001_t001_13,1
pqejguho_s003_t006_5,0
pqejguho_s001_t000_31,0
pqejgnhh_s002_t000_78,1
pqejgrhn_s003_t001_25,1
pqejgdyf_s001_t001_10,0
pqejgnih_s003_t000_3,1
pqejgmhe_s001_t000_76,0
pqejgrhn_s003_t000_4,1
pqejgtld_s003_t000_13,0
pqejgrhn_s003_t001_68,1
pqejgsfr_s003_t000_25,0
pqejgsfr_s003_t003_30,0
pqejgtld_s003_t001_30,0
pqejghgm_s001_t001_63,0
pqejgqxi_s001_t002_75,0
pqejgsfr_s003_t003_9,0
pqejgsmy_s003_t006_10,0
pqejgsfr_s003_t000_41,0
pqejgrhn_s003_t001_8,1
pqejgrhn_s001_t000_239,0
pqejgrhn_s001_t000_60,0
pqejgjsa_s004_t000_22,0
pqejgrhn_s001_t000_99,0
pqejgqxi_s001_t002_20,0
pqejgrhn_s001_t000_74,1
pqejgnhh_s002_t000_370,0
pqejgdix_s002_t002_21,0
pqejgvej_s001_t000_150,0
pqejgsfr_s002_t002_22,0
pqejgsfr_s003_t003_14,0
pqejgdix_s002_t005_0,0
pqejgtld_s003_t001_28,0
pqejgrhn_s001_t000_270,0
pqejgsfr_s003_t006_32,0
pqejgnkt_s002_t001_69,0
pqejgfkt_s005_t000_1,0
pqejgsfr_s003_t007_9,0
pqejgmhe_s001_t000_94,0
pqejgrhn_s001_t000_96,0
pqejgrhn_s003_t001_82,0
pqejgqxi_s001_t002_59,0
pqejgrff_s001_t000_105,0
pqejgtld_s003_t001_33,0
pqejgnkt_s002_t001_46,0
pqejguho_s003_t002_29,0
pqejggiv_s001_t001_19,0
pqejggiv_s001_t001_44,0
pqejgjsa_s004_t000_0,0
pqejgmni_s001_t001_162,1
pqejguho_s001_t000_34,0
pqejgfkt_s005_t000_20,1
pqejguho_s004_t005_5,0
pqejgrff_s001_t000_121,0
pqejgsfr_s003_t000_14,0
pqejgvej_s001_t000_157,0
pqejgdix_s002_t004_12,1
pqejgfkt_s005_t005_13,1
pqejgnhh_s002_t000_339,1
pqejgrff_s001_t000_28,0
pqejgsfr_s003_t000_37,0
pqejguho_s003_t001_0,0
pqejgmni_s001_t001_80,1
pqejguho_s004_t003_7,0
pqejggiv_s001_t001_72,0
pqejguho_s004_t003_12,0
pqejguho_s003_t002_78,1
pqejgfkt_s005_t003_3,0
pqejgsfr_s003_t000_58,1
pqejgnhh_s002_t000_399,0
pqejguho_s003_t002_60,0
pqejgsfr_s002_t002_58,0
pqejgnkt_s002_t001_47,0
pqejgfkt_s005_t001_2,0
pqejgsfr_s003_t006_2,0
pqejgsfr_s003_t004_38,0
pqejgmhe_s001_t000_44,0
pqejgnhh_s002_t000_130,1
pqejgnog_s001_t001_69,0
pqejgvej_s001_t000_97,1
pqejgtld_s003_t001_43,0
pqejgrff_s001_t000_66,1
pqejgmni_s001_t001_51,1
pqejgmhe_s001_t000_95,0
pqejgnhh_s002_t000_376,0
pqejgqxi_s001_t002_88,0
pqejgnhh_s002_t000_173,1
pqejgrhn_s003_t001_64,1
pqejgdix_s002_t001_6,1
pqejgsfr_s003_t007_31,0
pqejguho_s003_t006_45,0
pqejgnog_s001_t001_23,0
pqejguho_s001_t000_52,0
pqejgsfr_s002_t003_30,1
pqejgmjq_s002_t000_31,0
pqejgmhe_s001_t000_1,0
pqejgcvm_s002_t000_0,1
pqejgmjq_s002_t000_51,1
pqejgnhh_s002_t000_244,1
pqejgmni_s001_t001_24,1
pqejggiv_s001_t001_107,0
pqejgrhn_s001_t000_220,0
pqejgsfr_s003_t007_42,0
pqejgmjq_s002_t000_78,1
pqejggiv_s001_t001_34,0
pqejgcvm_s001_t000_9,1
pqejgsfr_s003_t003_17,0
pqejgnhh_s002_t000_345,1
pqejgmni_s001_t001_66,1
pqejgnhh_s002_t000_11,1
pqejgmni_s001_t001_148,1
pqejgrff_s001_t000_83,1
pqejguho_s004_t005_13,0
pqejgsfr_s002_t003_39,1
pqejgmhe_s001_t000_68,1
pqejgdyf_s001_t001_90,0
pqejgfkt_s005_t000_41,0
pqejguho_s001_t000_17,0
pqejgnkt_s002_t001_3,0
pqejgnhh_s002_t000_263,1
pqejgrhn_s001_t000_94,0
pqejguho_s004_t005_15,0
pqejgnog_s001_t001_68,0
pqejguho_s004_t005_22,0
pqejgkzk_s004_t004_18,0
pqejgmni_s001_t001_144,1
pqejgsfr_s002_t003_22,1
pqejggiv_s001_t001_36,0
pqejgnhh_s002_t000_162,1
pqejgfll_s002_t000_54,0
pqejgrhn_s003_t001_24,1
pqejgdix_s002_t005_9,0
pqejgrhn_s001_t000_91,0
pqejgnhh_s002_t000_42,1
pqejguho_s004_t003_48,0
pqejgsfr_s002_t003_12,1
pqejgrff_s001_t000_65,0
pqejgsfr_s003_t007_52,0
pqejgfkt_s005_t004_0,0
pqejgvej_s001_t000_5,0
pqejgqxi_s001_t002_39,0
pqejgrhn_s003_t001_61,1
pqejgmni_s001_t001_50,1
pqejguho_s004_t003_20,0
pqejguho_s004_t003_31,0
pqejgnhh_s002_t000_211,1
pqejgnog_s001_t001_94,0
pqejggiv_s001_t001_92,0
pqejgqxi_s001_t002_74,0
pqejgrhn_s003_t001_32,1
pqejgnhh_s002_t000_435,0
pqejgvej_s001_t000_136,0
pqejgsfr_s002_t003_11,1
pqejghgm_s001_t001_55,1
pqejgmhe_s001_t000_97,0
pqejguho_s003_t001_6,0
pqejgnhh_s002_t000_125,0
pqejgrff_s001_t000_13,1
pqejgnhh_s002_t000_355,1
pqejgrff_s001_t000_82,1
pqejgqxi_s001_t002_37,0
pqejgnih_s003_t006_10,0
pqejgnhh_s002_t000_414,0
pqejgfkt_s005_t004_36,0
pqejgdix_s002_t001_26,0
pqejgnhh_s002_t000_248,1
pqejgrhn_s003_t001_76,1
pqejgcvm_s001_t000_18,1
pqejggiv_s001_t001_91,0
pqejguho_s003_t002_2,0
pqejgnhh_s002_t000_150,1
pqejgsmy_s003_t006_21,0
pqejgnhh_s002_t000_353,0
pqejgfkt_s005_t004_5,0
pqejgfkt_s005_t004_49,0
pqejgsfr_s002_t003_32,1
pqejgdix_s002_t005_5,0
pqejgvej_s001_t000_56,1
pqejgsfr_s003_t007_14,1
pqejgnhh_s002_t000_19,1
pqejgrhn_s001_t000_103,0
pqejgvej_s001_t000_50,0
pqejgnhh_s002_t000_222,1
pqejgnog_s001_t001_3,0
pqejgnhh_s002_t000_157,1
pqejgsfr_s002_t002_2,0
pqejgnhh_s002_t000_252,1
pqejguho_s003_t006_27,1
pqejgnhh_s002_t000_366,0
pqejgrhn_s001_t000_262,0
pqejgrhn_s003_t001_121,0
pqejgmni_s001_t001_4,1
pqejgsfr_s003_t000_11,0
pqejguho_s001_t000_54,0
pqejgrhn_s001_t000_119,0
pqejgnhh_s002_t000_53,1
pqejggiv_s001_t001_112,0
pqejguho_s001_t000_29,0
pqejgrhn_s001_t000_10,0
pqejgnkt_s002_t001_43,0
pqejgrhn_s001_t000_222,0
pqejgrhn_s001_t000_61,0
pqejgsfr_s003_t007_51,1
pqejgrhn_s001_t000_81,1
pqejggiv_s001_t001_7,1
pqejgnog_s001_t001_34,0
pqejguho_s001_t000_39,0
pqejgsfr_s003_t003_57,0
pqejgmhe_s001_t000_67,1
pqejgdyf_s001_t001_65,0
pqejguho_s003_t002_30,0
pqejgnhh_s002_t000_63,1
pqejgrff_s001_t000_38,1
pqejgsfr_s003_t000_12,0
pqejgsfr_s002_t002_24,0
pqejgmni_s001_t001_71,1
pqejgsfr_s002_t002_40,0
pqejggiv_s001_t001_116,0
pqejgsfr_s003_t007_32,0
pqejgjsa_s004_t000_5,0
pqejguho_s003_t002_85,0
pqejgdix_s002_t005_22,0
pqejgnhh_s002_t000_209,1
pqejgrff_s001_t000_55,1
pqejgrhn_s001_t000_282,0
pqejgnih_s003_t006_19,1
pqejguho_s003_t002_19,0
pqejghgm_s001_t001_83,0
pqejgsfr_s003_t003_51,0
pqejgnhh_s002_t000_393,0
pqejgnhh_s002_t000_314,0
pqejgnog_s001_t001_36,0
pqejgrhn_s001_t000_257,0
pqejgnog_s001_t001_47,0
pqejggiv_s001_t001_101,0
pqejgsfr_s002_t002_50,0
pqejgdyf_s001_t001_14,0
pqejghgm_s001_t001_91,0
pqejgrff_s001_t000_154,0
pqejguho_s001_t000_62,0
pqejgsfr_s002_t002_56,0
pqejgsfr_s003_t004_56,0
pqejgfll_s002_t000_49,0
pqejgrhn_s001_t000_100,0
pqejgjsa_s004_t000_6,0
pqejgtld_s003_t000_17,0
pqejgrff_s001_t000_108,1
pqejgvej_s001_t000_123,0
pqejgsfr_s003_t003_41,0
pqejgqxi_s001_t002_3,0
pqejgtld_s003_t000_11,0
pqejgrff_s001_t000_58,0
pqejgtld_s003_t001_35,0
pqejgsmy_s003_t006_29,0
pqejgnhh_s002_t000_231,1
pqejgnhh_s002_t000_48,1
pqejguho_s003_t006_52,0
pqejgmni_s001_t001_105,1
pqejgrhn_s003_t001_73,1
pqejgmni_s001_t001_108,1
pqejgrff_s001_t000_3,1
pqejgsfr_s003_t003_38,0
pqejgrhn_s001_t000_48,0
pqejguho_s004_t003_27,0
pqejghgm_s001_t001_27,0
pqejgsfr_s002_t003_16,1
pqejgdix_s002_t005_12,0
pqejgdix_s002_t004_17,0
pqejgcvm_s002_t000_16,1
pqejgjsa_s004_t000_15,0
pqejgnhh_s002_t000_247,1
pqejgsfr_s003_t003_36,0
pqejgnhh_s002_t000_412,0
pqejggiv_s001_t001_99,1
pqejgnog_s001_t001_19,0
pqejgrhn_s001_t000_120,0
pqejgrhn_s003_t001_12,1
pqejgvej_s001_t000_37,0
pqejgsfr_s002_t002_59,0
pqejgmni_s001_t001_130,1
pqejghgm_s001_t001_62,0
pqejgmni_s001_t001_81,1
pqejgnhh_s002_t000_60,1
pqejgrhn_s001_t000_39,0
pqejgtld_s003_t000_6,0
pqejgsfr_s003_t006_14,0
pqejgmni_s001_t001_114,1
pqejgmhe_s001_t000_52,0
pqejgmni_s001_t001_75,1
pqejgsfr_s002_t002_4,0
pqejgsfr_s003_t003_26,0
pqejgfkt_s005_t004_46,0
pqejguho_s003_t002_65,0
pqejguho_s003_t002_51,0
pqejgdyf_s001_t001_97,0
pqejgsmy_s003_t006_19,0
pqejgdyf_s001_t001_48,0
pqejgnhh_s002_t000_290,1
pqejgdyf_s001_t001_56,0
pqejgfkt_s005_t004_43,0
pqejguho_s003_t002_43,0
pqejguho_s001_t000_1,0
pqejgsfr_s003_t004_10,0
pqejgsfr_s003_t006_49,0
pqejgdyf_s001_t001_38,0
pqejgkzk_s004_t004_15,0
pqejgrhn_s003_t001_4,1
pqejgsfr_s002_t002_12,0
pqejgvej_s001_t000_137,0
pqejgkzk_s004_t004_21,0
pqejgfkt_s005_t000_39,1
pqejgsfr_s003_t004_41,0
pqejgrhn_s001_t000_198,0
pqejggiv_s001_t001_115,0
pqejgnog_s001_t001_55,0
pqejgnkt_s002_t001_100,0
pqejguho_s003_t001_14,0
pqejgnhh_s002_t000_464,0
pqejguho_s004_t003_28,0
pqejgsmy_s003_t006_17,1
pqejgrhn_s003_t001_26,1
pqejgsfr_s003_t007_69,0
pqejgqxi_s001_t002_26,0
pqejggiv_s001_t001_81,0
pqejgnhh_s002_t000_265,1
pqejgnhh_s002_t000_137,1
pqejgmni_s001_t001_31,1
pqejgdix_s002_t005_19,0
pqejgmni_s001_t001_136,1
pqejgsmy_s003_t006_11,0
pqejguho_s001_t000_20,0
pqejghgm_s001_t001_101,0
pqejgjsa_s004_t000_25,0
pqejgrff_s001_t000_27,0
pqejgdix_s002_t002_9,1
pqejgqxi_s001_t002_49,0
pqejgrhn_s001_t000_22,0
pqejgmni_s001_t001_87,1
pqejgrhn_s003_t001_114,0
pqejgnhh_s002_t000_261,1
pqejgrhn_s001_t000_105,0
pqejgnog_s001_t001_86,0
pqejgnhh_s002_t000_450,0
pqejgsfr_s003_t004_53,0
pqejgrhn_s003_t001_80,0
pqejggiv_s001_t001_6,1
pqejgmjq_s002_t000_71,0
pqejggiv_s001_t001_85,0
pqejgmhe_s001_t000_11,0
pqejgrhn_s003_t001_100,0
pqejguho_s003_t002_47,0
pqejgrhn_s003_t001_96,0
pqejguho_s003_t002_31,0
pqejgrhn_s003_t001_28,1
pqejgsfr_s003_t007_7,0
pqejguho_s001_t000_23,0
pqejgfkt_s005_t004_31,0
pqejgrhn_s003_t001_55,1
pqejgrhn_s001_t000_126,0
pqejguho_s004_t003_24,0
pqejgsfr_s003_t007_0,1
pqejgsfr_s003_t006_20,0
pqejgrhn_s001_t000_249,0
pqejgrhn_s001_t000_151,0
pqejgnhh_s002_t000_160,1
pqejgrhn_s001_t000_193,0
pqejgmjq_s002_t000_32,1
pqejgsfr_s003_t007_34,0
pqejgnkt_s002_t001_73,0
pqejgmni_s001_t001_0,1
pqejgmhe_s001_t000_36,0
pqejguho_s001_t000_0,0
pqejgrhn_s001_t000_128,0
pqejgvej_s001_t000_51,0
pqejgsfr_s003_t006_18,0
pqejghgm_s001_t001_77,1
pqejgtld_s003_t001_29,0
pqejguho_s003_t006_7,0
pqejgnhh_s002_t000_331,1
pqejgmjq_s002_t000_2,0
pqejgqxi_s001_t002_93,0
pqejgrhn_s001_t000_140,0
pqejgsfr_s003_t007_24,0
pqejguho_s001_t000_59,0
pqejggiv_s001_t001_11,1
pqejgmni_s001_t001_93,1
pqejgsfr_s003_t006_52,0
pqejgcvm_s001_t000_6,1
pqejgmni_s001_t001_131,1
pqejgvej_s001_t000_82,1
pqejguho_s003_t002_36,0
pqejgvej_s001_t000_134,0
pqejgrhn_s003_t001_63,1
pqejghgm_s001_t001_4,0
pqejgmni_s001_t001_123,1
pqejguho_s004_t003_13,0
pqejgmni_s001_t001_100,1
pqejgrhn_s001_t000_156,0
pqejgnog_s001_t001_65,0
pqejguho_s003_t002_96,0
pqejgrff_s001_t000_113,0
pqejgmni_s001_t001_10,1
pqejgnhh_s002_t000_238,1
pqejgrhn_s001_t000_182,1
pqejgsfr_s003_t004_36,0
pqejgcvm_s001_t000_20,0
pqejghgm_s001_t001_0,0
pqejgsfr_s002_t002_46,0
pqejgsfr_s003_t003_29,0
pqejgrhn_s001_t000_202,0
pqejguho_s003_t006_16,0
pqejguho_s003_t002_20,0
pqejgvej_s001_t000_1,0
pqejgnkt_s002_t001_65,0
pqejgdyf_s001_t001_20,0
pqejgnhh_s002_t000_197,1
pqejgnhh_s002_t000_269,0
pqejggiv_s001_t001_64,0
pqejgvej_s001_t000_41,0
pqejgqxi_s001_t002_70,0
pqejgsfr_s003_t003_11,0
pqejgsmy_s003_t006_49,1
pqejgrff_s001_t000_96,1
pqejgdyf_s001_t001_47,0
pqejgnhh_s002_t000_55,1
pqejgsfr_s003_t006_51,0
pqejgtld_s003_t001_27,0
pqejgrhn_s001_t000_234,0
pqejgnhh_s002_t000_266,1
pqejgdyf_s001_t001_62,0
pqejguho_s003_t002_59,0
pqejgfkt_s005_t004_14,1
pqejgsfr_s003_t006_9,0
pqejggiv_s001_t001_62,0
pqejgnog_s001_t001_57,0
pqejgnhh_s002_t000_215,1
pqejgnog_s001_t001_17,1
pqejgnkt_s002_t001_104,0
pqejgsfr_s002_t003_35,1
pqejgqxi_s001_t002_64,0
pqejgsfr_s003_t004_54,0
pqejgnhh_s002_t000_117,0
pqejgdix_s002_t004_2,0
pqejgmni_s001_t001_109,1
pqejgsfr_s003_t003_13,0
pqejgnkt_s002_t001_0,0
pqejgqxi_s001_t002_68,0
pqejgrhn_s001_t000_79,0
pqejggiv_s001_t001_117,0
pqejgmjq_s002_t000_46,0
pqejgrhn_s003_t001_50,1
pqejgkzk_s004_t004_11,1
pqejgdyf_s001_t001_93,0
pqejgrff_s001_t000_10,1
pqejguho_s004_t003_5,0
pqejguho_s003_t001_2,0
pqejgrff_s001_t000_7,1
pqejgfkt_s005_t001_1,0
pqejgnhh_s002_t000_439,0
pqejgnhh_s002_t000_373,0
pqejgnhh_s002_t000_455,0
pqejgnhh_s002_t000_216,1
pqejgrff_s001_t000_88,1
pqejgnih_s003_t000_2,1
pqejgsmy_s003_t006_32,0
pqejgrff_s001_t000_8,1
pqejgfkt_s005_t004_39,0
pqejghgm_s001_t001_49,0
pqejgsfr_s002_t002_25,0
pqejggiv_s001_t001_93,1
pqejgsfr_s003_t004_14,1
pqejgrhn_s001_t000_80,0
pqejgrhn_s003_t001_72,1
pqejgrff_s001_t000_115,0
pqejgrff_s001_t000_26,1
pqejgnhh_s002_t000_362,0
pqejgmni_s001_t001_141,1
pqejgtld_s003_t000_5,0
pqejgnhh_s002_t000_112,1
pqejgnog_s001_t001_84,0
pqejgnkt_s002_t001_106,0
pqejgnhh_s002_t000_445,0
pqejgnih_s003_t000_11,1
pqejggiv_s001_t001_52,0
pqejgrff_s001_t000_23,1
pqejguho_s004_t003_10,0
pqejgmhe_s001_t000_99,0
pqejgdix_s002_t001_2,0
pqejgrhn_s003_t001_58,1
pqejgdyf_s001_t001_102,0
pqejgnhh_s002_t000_361,0
pqejgvej_s001_t000_84,0
pqejgnog_s001_t001_39,1
pqejgsfr_s003_t007_19,0
pqejgsfr_s002_t003_46,1
pqejgvej_s001_t000_16,0
pqejgsfr_s002_t003_4,1
pqejgrhn_s003_t001_3,1
pqejgmjq_s002_t000_1,0
pqejgqxi_s001_t002_72,0
pqejgsfr_s003_t006_59,0
pqejgnhh_s002_t000_405,0
pqejgtld_s003_t000_21,0
pqejguho_s003_t002_82,0
pqejgsfr_s003_t004_34,0
pqejgmhe_s001_t000_26,0
pqejgsfr_s003_t000_49,0
pqejgsfr_s003_t004_4,0
pqejggiv_s001_t001_0,0
pqejgsfr_s003_t004_52,0
pqejguho_s003_t002_34,0
pqejgtld_s003_t000_24,0
pqejgfkt_s005_t000_13,1
pqejgrhn_s001_t000_192,1
pqejgmni_s001_t001_97,1
pqejgdyf_s001_t001_30,0
pqejgrhn_s001_t000_51,0
pqejguho_s004_t005_2,0
pqejgnkt_s002_t001_59,0
pqejgrhn_s001_t000_149,0
pqejgnkt_s002_t001_95,0
pqejgqxi_s001_t002_18,0
pqejguho_s003_t002_16,0
pqejgrhn_s001_t000_200,0
pqejgnhh_s002_t000_421,0
pqejgrhn_s001_t000_191,1
pqejgnhh_s002_t000_280,1
pqejguho_s003_t002_14,0
pqejgsfr_s003_t000_29,0
pqejgmhe_s001_t000_6,0
pqejgnhh_s002_t000_396,0
pqejgcvm_s002_t000_12,1
pqejgnkt_s002_t001_51,0
pqejgrhn_s001_t000_83,0
pqejgrff_s001_t000_138,1
pqejgrhn_s001_t000_288,0
pqejgmjq_s002_t000_72,0
pqejgmjq_s002_t000_89,0
pqejghgm_s001_t001_102,0
pqejghgm_s001_t001_57,0
pqejgnhh_s002_t000_56,1
pqejgvej_s001_t000_89,1
pqejguho_s004_t003_17,0
pqejgdix_s002_t004_24,0
pqejgnih_s003_t006_7,0
pqejguho_s003_t002_92,0
pqejgrhn_s003_t001_35,1
pqejgsfr_s002_t003_1,1
pqejggiv_s001_t001_26,0
pqejgmhe_s001_t000_38,0
pqejghgm_s001_t001_14,0
pqejgnog_s001_t001_18,1
pqejgqxi_s001_t002_80,0
pqejghgm_s001_t001_72,0
pqejghgm_s001_t001_21,0
pqejgrff_s001_t000_39,1
pqejgnhh_s002_t000_391,0
pqejgfkt_s005_t000_14,0
pqejgnhh_s002_t000_31,1
pqejgrhn_s003_t001_54,1
pqejgrhn_s003_t001_118,0
pqejgdix_s002_t002_17,0
pqejgsfr_s003_t000_1,0
pqejgvej_s001_t000_30,0
pqejgnhh_s002_t000_195,1
pqejgnhh_s002_t000_341,1
pqejgtld_s003_t001_37,0
pqejggiv_s001_t001_71,0
pqejgnih_s003_t006_13,0
pqejgdix_s002_t001_18,0
pqejgrhn_s003_t001_51,1
pqejgqxi_s001_t002_96,0
pqejguho_s001_t000_2,0
pqejgsfr_s003_t006_8,0
pqejguho_s003_t006_10,0
pqejgnhh_s002_t000_453,0
pqejgnhh_s002_t000_14,0
pqejghgm_s001_t001_37,0
pqejgsfr_s003_t000_19,0
pqejgfkt_s005_t004_45,0
pqejgnhh_s002_t000_67,1
pqejgdix_s002_t004_10,1
pqejguho_s003_t002_28,0
pqejgdix_s002_t004_19,0
pqejguho_s003_t006_19,0
pqejgfkt_s005_t004_48,0
pqejgmni_s001_t001_104,1
pqejgqxi_s001_t002_8,0
pqejgnkt_s002_t001_33,0
pqejgnhh_s002_t000_155,1
pqejggiv_s001_t001_78,0
pqejgnkt_s002_t001_85,0
pqejgsfr_s003_t004_49,0
pqejgmni_s001_t001_39,1
pqejguho_s004_t005_8,0
pqejgnhh_s002_t000_46,1
pqejgqxi_s001_t002_23,0
pqejgnhh_s002_t000_9,1
pqejgfll_s002_t000_36,1
pqejghgm_s001_t001_89,0
pqejgmjq_s002_t000_48,0
pqejgrff_s001_t000_45,1
pqejgnhh_s002_t000_289,1
pqejgsfr_s003_t003_52,0
pqejguho_s003_t002_32,0
pqejgnhh_s002_t000_372,0
pqejgnih_s003_t000_24,1
pqejguho_s003_t002_44,0
pqejgcvm_s001_t001_4,1
pqejgkzk_s004_t004_17,0
pqejguho_s003_t006_43,0
pqejgrhn_s001_t000_211,1
pqejgtld_s003_t001_47,0
pqejgnhh_s002_t000_397,0
pqejgnkt_s002_t001_81,0
pqejgnog_s001_t001_44,0
pqejguho_s004_t003_9,0
pqejgtld_s003_t000_19,0
pqejgnhh_s002_t000_192,1
pqejgsfr_s002_t003_56,1
pqejgnhh_s002_t000_348,0
pqejgnkt_s002_t001_8,0
pqejgrhn_s003_t001_43,1
pqejguho_s003_t006_36,0
pqejggiv_s001_t001_14,0
pqejgnhh_s002_t000_408,0
pqejgsmy_s003_t006_48,1
pqejgnih_s003_t006_11,0
pqejgmni_s001_t001_116,1
pqejgtld_s003_t001_38,0
pqejghgm_s001_t001_76,1
pqejgnog_s001_t001_24,0
pqejgsfr_s002_t002_15,0
pqejgsmy_s003_t006_0,0
pqejggiv_s001_t001_76,0
pqejghgm_s001_t001_17,0
pqejgqxi_s001_t002_2,0
pqejgfkt_s005_t000_4,0
pqejgsfr_s003_t000_40,0
pqejgrhn_s001_t000_242,0
pqejgrhn_s003_t001_84,0
pqejgsfr_s003_t000_31,0
pqejgvej_s001_t000_145,0
pqejguho_s001_t000_75,1
pqejghgm_s001_t001_10,0
pqejgnkt_s002_t001_71,0
pqejgnhh_s002_t000_74,1
pqejgtld_s003_t001_39,0
pqejgnhh_s002_t000_225,1
pqejgmni_s001_t001_54,1
pqejguho_s001_t000_38,0
pqejgrff_s001_t000_101,0
pqejgmjq_s002_t000_93,0
pqejgmhe_s001_t000_3,0
pqejguho_s004_t005_0,0
pqejgqxi_s001_t002_10,0
pqejgnhh_s002_t000_165,1
pqejguho_s003_t006_1,0
pqejgnhh_s002_t000_465,0
pqejgfll_s002_t000_31,1
pqejggiv_s001_t001_98,0
pqejgnhh_s002_t000_199,1
pqejgnhh_s002_t000_432,0
pqejgmni_s001_t001_27,1
pqejgnkt_s002_t001_72,0
pqejgdix_s002_t005_17,0
pqejgnkt_s002_t001_45,0
pqejguho_s003_t006_12,0
pqejgrff_s001_t000_102,0
pqejgjsa_s004_t000_20,0
pqejguho_s003_t001_18,0
pqejgnog_s001_t001_92,0
pqejgrhn_s003_t001_5,1
pqejgnhh_s002_t000_40,1
pqejgrhn_s001_t000_173,0
pqejgfkt_s005_t001_6,0
pqejgnhh_s002_t000_458,0
pqejgvej_s001_t000_36,0
pqejgtld_s003_t001_2,0
pqejgmni_s001_t001_11,1
pqejgnkt_s002_t001_76,0
pqejgnog_s001_t001_62,0
pqejgsfr_s003_t000_57,1
pqejguho_s001_t000_35,1
pqejgsfr_s003_t000_18,0
pqejgrhn_s003_t001_20,1
pqejgsmy_s003_t006_47,1
pqejgsfr_s003_t007_16,0
pqejgrhn_s001_t000_281,0
pqejgrhn_s003_t001_94,1
pqejgdyf_s001_t001_22,0
pqejguho_s004_t005_20,0
pqejgsfr_s002_t003_54,1
pqejgsfr_s003_t000_36,1
pqejgrff_s001_t000_33,1
pqejgdyf_s001_t001_15,0
pqejgvej_s001_t000_142,1
pqejgsfr_s003_t006_29,0
pqejgcvm_s001_t000_24,0
pqejgrff_s001_t000_74,1
pqejgsfr_s003_t000_21,0
pqejgdyf_s001_t001_96,0
pqejgdyf_s001_t001_35,0
pqejguho_s001_t000_25,0
pqejgmni_s001_t001_161,1
pqejghgm_s001_t001_79,0
pqejgrhn_s003_t001_107,0
pqejgjsa_s004_t000_19,0
pqejgrhn_s001_t000_231,1
pqejgnog_s001_t001_15,0
pqejghgm_s001_t001_22,0
pqejgnhh_s002_t000_103,1
pqejgnhh_s002_t000_59,1
pqejgsmy_s003_t006_20,0
pqejgnhh_s002_t000_182,1
pqejgrhn_s001_t000_225,0
pqejgdyf_s001_t001_5,0
pqejgnkt_s002_t001_48,0
pqejgmjq_s002_t000_22,0
pqejgfkt_s005_t004_17,1
pqejgfkt_s005_t000_18,1
pqejgtld_s003_t001_26,0
pqejgsfr_s002_t002_49,0
pqejgrhn_s001_t000_86,0
pqejguho_s001_t000_30,0
pqejgrhn_s001_t000_251,0
pqejgcvm_s001_t001_13,1
pqejgsfr_s002_t003_31,1
pqejgrhn_s001_t000_161,1
pqejgnhh_s002_t000_461,1
pqejgdyf_s001_t001_88,0
pqejgmjq_s002_t000_33,1
pqejgmhe_s001_t000_47,0
pqejgmni_s001_t001_84,1
pqejgsfr_s003_t000_8,0
pqejgdix_s002_t002_3,0
pqejgsmy_s003_t006_39,0
pqejgtld_s003_t000_9,0
pqejghgm_s001_t001_87,0
pqejgmhe_s001_t000_71,1
pqejgnhh_s002_t000_413,0
pqejgsfr_s003_t004_39,0
pqejghgm_s001_t001_20,0
pqejgcvm_s001_t001_17,0
pqejguho_s004_t003_50,0
pqejguho_s003_t001_24,0
pqejgsfr_s002_t003_59,1
pqejgcvm_s001_t000_4,0
pqejgrff_s001_t000_29,1
pqejgnhh_s002_t000_15,0
pqejgdix_s002_t001_24,0
pqejgrhn_s001_t000_266,0
pqejghgm_s001_t001_33,0
pqejgsfr_s003_t003_23,0
pqejguho_s003_t006_46,0
pqejgjsa_s004_t000_8,0
pqejgvej_s001_t000_143,1
pqejgmni_s001_t001_160,1
pqejgrhn_s001_t000_284,0
pqejgrff_s001_t000_70,1
pqejgqxi_s001_t002_57,0
pqejggiv_s001_t001_50,0
pqejgmjq_s002_t000_3,0
pqejgnog_s001_t001_13,0
pqejguho_s004_t005_21,0
pqejgsfr_s003_t000_26,0
pqejguho_s004_t005_18,0
pqejgnhh_s002_t000_188,0
pqejguho_s003_t006_33,0
pqejgsfr_s002_t002_0,0
pqejghgm_s001_t001_53,0
pqejgnhh_s002_t000_374,0
pqejgmni_s001_t001_135,1
pqejgsfr_s002_t002_28,0
pqejgnhh_s002_t000_340,1
pqejggiv_s001_t001_89,0
pqejguho_s003_t002_80,0
pqejgcvm_s001_t000_3,0
pqejgnhh_s002_t000_230,1
pqejgnog_s001_t001_6,0
pqejgsfr_s003_t003_7,0
pqejggiv_s001_t001_82,0
pqejgsfr_s003_t006_5,0
pqejgrff_s001_t000_142,0
pqejguho_s003_t001_17,0
pqejgnog_s001_t001_85,0
pqejgnkt_s002_t001_49,0
pqejgnkt_s002_t001_78,0
pqejgnhh_s002_t000_321,1
pqejgnhh_s002_t000_350,1
pqejgrhn_s003_t001_119,0
pqejgmhe_s001_t000_110,0
pqejgmni_s001_t001_77,1
pqejgnhh_s002_t000_180,1
pqejgfll_s002_t000_5,0
pqejgmhe_s001_t000_80,0
pqejgsmy_s003_t006_3,0
pqejgsfr_s002_t003_34,1
pqejgcvm_s002_t000_4,1
pqejgvej_s001_t000_45,0
pqejgsmy_s003_t006_43,1
pqejgrhn_s001_t000_77,0
pqejgnhh_s002_t000_204,1
pqejgrhn_s001_t000_291,0
pqejgvej_s001_t000_34,0
pqejgmjq_s002_t000_91,0
pqejgrhn_s001_t000_4,1
pqejgsfr_s003_t000_5,0
pqejgvej_s001_t000_148,0
pqejguho_s003_t006_30,0
pqejgmjq_s002_t000_23,0
pqejgsfr_s002_t003_47,1
pqejgmni_s001_t001_85,1
pqejgrhn_s001_t000_290,0
pqejgmjq_s002_t000_60,1
pqejgnkt_s002_t001_9,0
pqejgcvm_s001_t001_16,0
pqejgsfr_s003_t000_34,1
pqejgrhn_s001_t000_224,1
pqejgfkt_s005_t000_6,0
pqejgmni_s001_t001_139,1
pqejgfll_s002_t000_9,0
pqejgrhn_s001_t000_11,0
pqejgmjq_s002_t000_77,1
pqejgnkt_s002_t001_11,0
pqejgnhh_s002_t000_431,0
pqejgrhn_s001_t000_269,0
pqejgdix_s002_t004_7,1
pqejguho_s004_t003_35,0
pqejggiv_s001_t001_118,0
pqejgmjq_s002_t000_12,0
pqejguho_s004_t003_44,0
pqejgmhe_s001_t000_34,0
pqejgsfr_s003_t000_42,0
pqejgnhh_s002_t000_166,1
pqejgfll_s002_t000_1,0
pqejgmjq_s002_t000_49,0
pqejgrhn_s001_t000_112,0
pqejgrhn_s003_t001_74,1
pqejgnkt_s002_t001_19,0
pqejgnhh_s002_t000_83,1
pqejgrff_s001_t000_93,1
pqejgnkt_s002_t001_67,0
pqejgfll_s002_t000_7,0
pqejgfll_s002_t000_44,0
pqejghgm_s001_t001_93,1
pqejgnhh_s002_t000_143,0
pqejgdyf_s001_t001_7,0
pqejgnhh_s002_t000_257,1
pqejgsfr_s003_t000_45,0
pqejgfkt_s005_t003_1,0
pqejguho_s004_t003_23,0
pqejggiv_s001_t001_63,0
pqejgmjq_s002_t000_8,0
pqejgnhh_s002_t000_95,1
pqejgnkt_s002_t001_101,0
pqejgdyf_s001_t001_36,0
pqejgnkt_s002_t001_70,0
pqejgnhh_s002_t000_243,1
pqejgsfr_s003_t006_57,0
pqejgkzk_s004_t004_22,1
pqejgtld_s003_t001_49,0
pqejgmhe_s001_t000_16,0
pqejgmjq_s002_t000_74,1
pqejgcvm_s002_t000_14,1
pqejghgm_s001_t001_3,0
pqejgnhh_s002_t000_335,0
pqejgrhn_s001_t000_40,0
pqejgrhn_s001_t000_155,0
pqejgnhh_s002_t000_443,1
pqejgnih_s003_t006_8,0
pqejguho_s003_t006_3,0
pqejgnhh_s002_t000_161,1
pqejgqxi_s001_t002_40,0
pqejgsfr_s003_t007_38,0
pqejgnhh_s002_t000_364,0
pqejgtld_s003_t000_22,0
pqejgqxi_s001_t002_32,0
pqejgrhn_s001_t000_139,0
pqejgsfr_s003_t000_39,0
pqejgmjq_s002_t000_19,1
pqejgnog_s001_t001_63,0
pqejgdix_s002_t001_22,0
pqejgdyf_s001_t001_34,0
pqejgsfr_s003_t007_13,0
pqejgnkt_s002_t001_6,0
pqejgsfr_s003_t003_12,0
pqejglig_s002_t000_13,0
pqejgtld_s003_t001_12,0
pqejguho_s004_t003_3,0
pqejgsfr_s003_t006_43,0
pqejgvej_s001_t000_38,0
pqejgsmy_s003_t006_13,1
pqejgsfr_s002_t002_20,1
pqejgrff_s001_t000_43,1
pqejgrhn_s001_t000_8,0
pqejgrhn_s001_t000_273,0
pqejgvej_s001_t000_65,0
pqejgrhn_s001_t000_36,0
pqejgnkt_s002_t001_10,0
pqejgdix_s002_t001_10,1
pqejgdix_s002_t004_1,0
pqejgsmy_s003_t006_34,0
pqejgnhh_s002_t000_297,0
pqejgfll_s002_t000_35,1
pqejgdix_s002_t002_19,0
pqejgqxi_s001_t002_56,0
pqejguho_s004_t003_40,0
pqejguho_s003_t002_100,0
pqejghgm_s001_t001_48,0
pqejgnog_s001_t001_26,0
pqejgnhh_s002_t000_302,1
pqejgdyf_s001_t001_41,0
pqejgvej_s001_t000_78,1
pqejgrhn_s003_t001_85,0
pqejgnhh_s002_t000_440,0
pqejgtld_s003_t001_22,0
pqejgmni_s001_t001_73,1
pqejgnhh_s002_t000_32,1
pqejgcvm_s001_t000_1,0
pqejgfkt_s005_t004_22,0
pqejguho_s003_t001_9,0
pqejgrff_s001_t000_81,1
pqejgnhh_s002_t000_246,1
pqejguho_s003_t002_84,0
pqejgnhh_s002_t000_71,1
pqejgfll_s002_t000_6,0
pqejgrhn_s001_t000_5,0
pqejgnhh_s002_t000_254,1
pqejgtld_s003_t001_13,0
pqejgfkt_s005_t004_41,0
pqejgfkt_s005_t000_15,0
pqejgnog_s001_t001_70,0
pqejgsfr_s002_t003_24,1
pqejgvej_s001_t000_35,0
pqejgnhh_s002_t000_206,0
pqejgmjq_s002_t000_44,1
pqejgrff_s001_t000_131,0
pqejgfkt_s005_t000_17,1
pqejguho_s001_t000_57,0
pqejghgm_s001_t001_90,0
pqejgnhh_s002_t000_224,1
pqejgnhh_s002_t000_186,0
pqejgsfr_s002_t002_18,1
pqejgnkt_s002_t001_105,0
pqejgdix_s002_t005_4,0
pqejgmjq_s002_t000_70,0
pqejgnhh_s002_t000_255,0
pqejgrhn_s003_t001_95,0
pqejgfkt_s005_t000_26,0
pqejgmjq_s002_t000_94,0
pqejgmhe_s001_t000_53,0
pqejgnhh_s002_t000_49,1
pqejgmhe_s001_t000_84,0
pqejggiv_s001_t001_25,0
pqejgnhh_s002_t000_325,1
pqejghgm_s001_t001_69,0
pqejgmhe_s001_t000_18,0
pqejguho_s003_t001_12,0
pqejgnkt_s002_t001_20,0
pqejgsfr_s002_t002_37,0
pqejgnhh_s002_t000_436,1
pqejgfkt_s005_t004_30,0
pqejgmhe_s001_t000_0,0
pqejgnhh_s002_t000_330,1
pqejgcvm_s002_t000_1,1
pqejgnog_s001_t001_2,0
pqejgmjq_s002_t000_54,1
pqejgfkt_s005_t004_4,0
pqejgfkt_s005_t004_44,0
pqejguho_s003_t006_6,0
pqejgmhe_s001_t000_98,0
pqejgfll_s002_t000_11,1
pqejguho_s001_t000_41,0
pqejgnkt_s002_t001_124,0
pqejgsfr_s003_t003_44,0
pqejgsfr_s002_t002_14,0
pqejggiv_s001_t001_54,0
pqejgnhh_s002_t000_286,1
pqejgnhh_s002_t000_304,1
pqejghgm_s001_t001_45,0
pqejguho_s001_t000_74,1
pqejgrff_s001_t000_36,1
pqejguho_s003_t002_18,0
pqejgrff_s001_t000_69,1
pqejgmjq_s002_t000_99,0
pqejgrhn_s003_t000_5,1
pqejgvej_s001_t000_33,0
pqejglig_s002_t000_8,0
pqejgmjq_s002_t000_85,0
pqejgrhn_s001_t000_186,0
pqejgdix_s002_t002_10,1
pqejgnhh_s002_t000_437,0
pqejgnhh_s002_t000_178,1
pqejgmni_s001_t001_25,1
pqejguho_s004_t003_32,0
pqejgsfr_s003_t003_60,0
pqejgsfr_s003_t007_44,0
pqejgfll_s002_t000_28,1
pqejgnhh_s002_t000_136,1
pqejgsfr_s003_t007_15,0
pqejgdyf_s001_t001_58,0
pqejgrff_s001_t000_125,0
pqejgrhn_s001_t000_113,0
pqejgmni_s001_t001_164,0
pqejgfkt_s005_t000_3,0
pqejgcvm_s001_t001_3,1
pqejgrhn_s001_t000_146,0
pqejgfll_s002_t000_42,0
pqejgmjq_s002_t000_13,0
pqejgnkt_s002_t001_1,0
pqejguho_s003_t002_45,0
pqejgsfr_s002_t003_40,1
pqejgfll_s002_t000_41,0
pqejgrhn_s003_t001_48,1
pqejgdyf_s001_t001_60,0
pqejgfll_s002_t000_39,0
pqejgdyf_s001_t001_61,0
pqejgrhn_s001_t000_98,0
pqejgrff_s001_t000_78,1
pqejgrhn_s003_t001_116,0
pqejgvej_s001_t000_58,1
pqejgnhh_s002_t000_181,1
pqejgnog_s001_t001_59,1
pqejgsfr_s002_t003_27,1
pqejggiv_s001_t001_42,0
pqejgmhe_s001_t000_21,0
pqejguho_s003_t002_22,0
pqejgvej_s001_t000_19,0
pqejgmni_s001_t001_69,1
pqejgmni_s001_t001_32,1
pqejgrhn_s001_t000_153,0
pqejgdix_s002_t005_8,0
pqejguho_s003_t002_26,0
pqejguho_s004_t005_9,0
pqejgkzk_s004_t004_9,1
pqejgsfr_s003_t003_46,0
pqejggiv_s001_t001_39,1
pqejgrhn_s001_t000_252,0
pqejgrhn_s001_t000_32,0
pqejgnhh_s002_t000_65,1
pqejgnhh_s002_t000_392,0
pqejgrhn_s001_t000_76,0
pqejgrhn_s001_t000_253,0
pqejgrff_s001_t000_134,0
pqejgdix_s002_t002_13,1
pqejguho_s003_t002_101,0
pqejgsfr_s003_t003_27,0
pqejgnhh_s002_t000_52,1
pqejguho_s003_t001_1,0
pqejguho_s001_t000_45,0
pqejgnkt_s002_t001_29,0
pqejgrhn_s001_t000_62,0
pqejgfll_s002_t000_17,0
pqejghgm_s001_t001_52,0
pqejgvej_s001_t000_15,0
pqejgnhh_s002_t000_452,0
pqejgsmy_s003_t006_45,1
pqejgnih_s003_t000_18,1
pqejgvej_s001_t000_8,0
pqejguho_s004_t005_12,0
pqejgnhh_s002_t000_50,1
pqejgdyf_s001_t001_77,1
pqejgsfr_s003_t004_12,0
pqejgfkt_s005_t005_3,0
pqejguho_s003_t006_31,0
pqejgmhe_s001_t000_93,0
pqejggiv_s001_t001_58,0
pqejgkzk_s004_t004_3,0
pqejgnhh_s002_t000_446,0
pqejguho_s004_t003_15,0
pqejgqxi_s001_t002_16,0
pqejgnkt_s002_t001_89,0
pqejgsfr_s002_t002_35,0
pqejgvej_s001_t000_138,0
pqejglig_s002_t000_7,0
pqejgnkt_s002_t001_50,0
pqejgdix_s002_t004_8,1
pqejgvej_s001_t000_43,0
pqejgrff_s001_t000_144,1
pqejgnhh_s002_t000_309,1
pqejgsfr_s003_t000_0,0
pqejgnih_s003_t006_4,0
pqejgrhn_s001_t000_274,0
pqejgnih_s003_t006_21,0
pqejgqxi_s001_t002_77,0
pqejgsfr_s003_t000_24,0
pqejgsfr_s003_t007_33,0
pqejgrhn_s001_t000_9,0
pqejgmni_s001_t001_67,1
pqejgdyf_s001_t001_75,0
pqejgsfr_s003_t003_54,0
pqejgnhh_s002_t000_90,1
pqejgrhn_s003_t001_22,0
pqejgmhe_s001_t000_89,0
pqejgmjq_s002_t000_34,1
pqejgdix_s002_t001_11,0
pqejgvej_s001_t000_64,0
pqejgvej_s001_t000_131,0
pqejgrff_s001_t000_133,0
pqejgfkt_s005_t000_33,1
pqejgvej_s001_t000_26,0
pqejgvej_s001_t000_85,0
pqejgnhh_s002_t000_237,1
pqejgrhn_s001_t000_165,0
pqejguho_s004_t005_17,0
pqejgvej_s001_t000_63,0
pqejguho_s001_t000_24,0
pqejgnkt_s002_t001_7,0
pqejgcvm_s001_t001_5,1
pqejguho_s003_t001_8,0
pqejgqxi_s001_t002_11,0
pqejgmjq_s002_t000_30,0
pqejgnhh_s002_t000_300,1
pqejggiv_s001_t001_27,0
pqejgdyf_s001_t001_16,0
pqejgnhh_s002_t000_253,1
pqejgcvm_s002_t000_5,1
pqejgnhh_s002_t000_47,1
pqejgmni_s001_t001_72,1
pqejgmhe_s001_t000_63,0
pqejgnhh_s002_t000_189,0
pqejgfll_s002_t000_21,0
pqejgsfr_s002_t002_32,0
pqejguho_s004_t003_36,0
pqejgnhh_s002_t000_312,0
pqejgnog_s001_t001_78,0
pqejgmni_s001_t001_62,1
pqejgmhe_s001_t000_56,0
pqejgdix_s002_t002_15,1
pqejggiv_s001_t001_12,0
pqejgkzk_s004_t004_13,0
pqejgsmy_s003_t006_33,0
pqejgqxi_s001_t002_85,0
pqejgrhn_s001_t000_163,0
pqejgrhn_s001_t000_203,1
pqejgnhh_s002_t000_169,1
pqejggiv_s001_t001_28,0
pqejgdyf_s001_t001_76,0
pqejgdix_s002_t005_20,0
pqejgsfr_s003_t004_32,0
pqejgtld_s003_t001_18,0
pqejguho_s003_t006_18,0
pqejgqxi_s001_t002_28,0
pqejgmhe_s001_t000_49,0
pqejguho_s003_t002_64,0
pqejgnkt_s002_t001_93,0
pqejgnhh_s002_t000_420,0
pqejgnih_s003_t000_8,1
pqejgmni_s001_t001_40,1
pqejgrhn_s001_t000_287,0
pqejgcvm_s001_t000_17,0
pqejgrhn_s001_t000_183,0
pqejgdyf_s001_t001_82,0
pqejgdix_s002_t001_27,0
pqejgdyf_s001_t001_98,0
pqejgrhn_s001_t000_131,1
pqejgnkt_s002_t001_115,0
pqejghgm_s001_t001_58,0
pqejgnhh_s002_t000_24,1
pqejgrff_s001_t000_44,1
pqejgrhn_s003_t001_71,1
pqejgcvm_s001_t001_7,1
pqejgnhh_s002_t000_145,1
pqejgqxi_s001_t002_78,0
pqejgrff_s001_t000_103,0
pqejgnhh_s002_t000_360,0
pqejgnhh_s002_t000_41,1
pqejguho_s003_t006_50,0
pqejggiv_s001_t001_30,0
pqejguho_s003_t002_25,0
pqejgsfr_s003_t004_51,0
pqejgnhh_s002_t000_277,1
pqejgmni_s001_t001_48,1
pqejggiv_s001_t001_22,0
pqejgnih_s003_t000_6,1
pqejgnhh_s002_t000_264,1
pqejgdyf_s001_t001_28,0
pqejgdix_s002_t005_7,1
pqejgmjq_s002_t000_39,1
pqejgrff_s001_t000_152,1
pqejgsmy_s003_t006_24,0
pqejguho_s003_t002_89,0
pqejgrhn_s003_t001_59,1
pqejgvej_s001_t000_71,0
pqejgsfr_s003_t003_43,0
pqejggiv_s001_t001_79,0
pqejguho_s004_t003_29,0
pqejgmjq_s002_t000_45,1
pqejgsfr_s003_t000_15,0
pqejgmni_s001_t001_5,1
pqejgrhn_s001_t000_68,0
pqejgrhn_s003_t001_44,1
pqejgnhh_s002_t000_268,1
pqejgvej_s001_t000_114,1
pqejgrff_s001_t000_146,1
pqejgqxi_s001_t002_21,0
pqejgnih_s003_t000_22,1
pqejgsmy_s003_t006_8,0
pqejguho_s003_t002_102,0
pqejgnog_s001_t001_89,0
pqejgsmy_s003_t006_5,0
pqejgvej_s001_t000_40,0
pqejggiv_s001_t001_111,0
pqejgfkt_s005_t000_8,0
pqejgrff_s001_t000_148,0
pqejgnhh_s002_t000_448,0
pqejgmni_s001_t001_26,1
pqejgvej_s001_t000_86,1
pqejgrhn_s001_t000_236,0
pqejgsfr_s003_t000_3,0
pqejgnhh_s002_t000_272,1
pqejgdyf_s001_t001_85,0
pqejgdyf_s001_t001_31,0
pqejgvej_s001_t000_111,0
pqejglig_s002_t000_1,1
pqejgfkt_s005_t004_19,0
pqejgfkt_s005_t000_27,0
pqejguho_s001_t000_58,0
pqejgsfr_s003_t003_63,0
pqejgdix_s002_t005_18,0
pqejguho_s003_t002_46,0
pqejgcvm_s001_t000_21,0
pqejgsfr_s003_t000_10,0
pqejgsfr_s003_t004_7,0
pqejgrhn_s001_t000_43,0
pqejgrff_s001_t000_86,1
pqejgrhn_s001_t000_127,0
pqejgmni_s001_t001_37,1
pqejgrhn_s001_t000_13,0
pqejgnkt_s002_t001_44,0
pqejgsfr_s003_t006_44,0
pqejgfkt_s005_t004_13,0
pqejgmjq_s002_t000_0,0
pqejgnhh_s002_t000_144,0
pqejglig_s002_t000_12,0
pqejgsmy_s003_t006_38,1
pqejgsfr_s003_t007_18,0
pqejgfll_s002_t000_2,0
pqejgnog_s001_t001_9,0
pqejgrhn_s001_t000_209,1
pqejgrff_s001_t000_32,1
pqejguho_s004_t003_26,1
pqejgsfr_s003_t006_33,0
pqejgvej_s001_t000_98,1
pqejgsfr_s003_t004_57,0
pqejgnhh_s002_t000_388,0
pqejgnhh_s002_t000_149,1
pqejgdix_s002_t002_8,1
pqejgvej_s001_t000_108,0
pqejgrhn_s001_t000_154,0
pqejgsfr_s002_t002_41,0
pqejgrhn_s001_t000_263,0
pqejgdix_s002_t002_11,1
pqejguho_s003_t002_17,0
pqejgvej_s001_t000_76,0
pqejgrhn_s003_t001_27,1
pqejgsfr_s003_t006_34,0
pqejgqxi_s001_t002_50,0
pqejgrhn_s001_t000_129,0
pqejgsfr_s003_t000_55,1
pqejgrhn_s003_t001_36,1
pqejgcvm_s001_t001_2,1
pqejguho_s003_t002_79,1
pqejghgm_s001_t001_99,0
pqejgqxi_s001_t002_48,0
pqejgnhh_s002_t000_92,1
pqejgnkt_s002_t001_12,0
pqejguho_s003_t002_71,0
pqejghgm_s001_t001_70,0
pqejgnog_s001_t001_0,1
pqejgfkt_s005_t004_28,0
pqejgrff_s001_t000_123,0
pqejgfkt_s005_t004_47,0
pqejgrhn_s003_t001_38,1
pqejgmni_s001_t001_78,1
pqejgmhe_s001_t000_70,1
pqejgsfr_s003_t007_53,0
pqejgfkt_s005_t000_11,0
pqejgmni_s001_t001_94,1
pqejgdyf_s001_t001_100,1
pqejgdyf_s001_t001_4,0
pqejgnhh_s002_t000_259,1
pqejgfkt_s005_t004_40,0
pqejgsfr_s003_t007_40,0
pqejgdix_s002_t005_6,0
pqejgnhh_s002_t000_132,1
pqejgnhh_s002_t000_352,0
pqejgrff_s001_t000_54,1
pqejgsfr_s003_t004_22,0
pqejgnih_s003_t006_15,1
pqejgmjq_s002_t000_92,0
pqejgnhh_s002_t000_401,0
pqejgcvm_s002_t000_15,1
pqejgnhh_s002_t000_148,1
pqejguho_s003_t002_74,0
pqejgmni_s001_t001_83,1
pqejgnhh_s002_t000_460,0
pqejgdyf_s001_t001_33,0
pqejgrhn_s003_t001_70,1
pqejgsfr_s003_t007_63,0
pqejgmhe_s001_t000_88,0
pqejgrhn_s001_t000_246,0
pqejgrhn_s001_t000_204,0
pqejgdix_s002_t002_0,0
pqejguho_s004_t003_2,0
pqejgrff_s001_t000_11,1
pqejgvej_s001_t000_60,0
pqejgrhn_s001_t000_264,0
pqejgfll_s002_t000_24,0
pqejgnhh_s002_t000_343,1
pqejgsmy_s003_t006_25,0
pqejgnkt_s002_t001_27,0
pqejguho_s003_t006_51,0
pqejgrhn_s001_t000_228,0
pqejgnhh_s002_t000_357,0
pqejgmjq_s002_t000_84,0
pqejgvej_s001_t000_118,0
pqejggiv_s001_t001_102,0
pqejgsfr_s002_t002_42,0
pqejgnhh_s002_t000_356,0
pqejgnhh_s002_t000_0,1
pqejgfkt_s005_t004_35,0
pqejgrhn_s001_t000_218,0
pqejgmhe_s001_t000_62,0
pqejgfll_s002_t000_38,0
pqejgsfr_s003_t003_24,0
pqejguho_s004_t003_39,0
pqejgvej_s001_t000_103,1
pqejgqxi_s001_t002_47,0
pqejgjsa_s004_t000_12,0
pqejgmhe_s001_t000_77,0
pqejgnkt_s002_t001_60,0
pqejguho_s003_t006_24,0
pqejgnhh_s002_t000_271,1
pqejgsfr_s002_t003_43,1
pqejguho_s004_t003_14,0
pqejgnhh_s002_t000_174,1
pqejgrff_s001_t000_106,1
pqejgdyf_s001_t001_50,0
pqejgfkt_s005_t000_10,0
pqejgqxi_s001_t002_17,0
pqejguho_s003_t001_11,1
pqejggiv_s001_t001_49,0
pqejgnhh_s002_t000_20,1
pqejgfll_s002_t000_14,0
pqejgnhh_s002_t000_275,1
pqejgrhn_s003_t001_56,1
pqejgnhh_s002_t000_375,0
pqejgdyf_s001_t001_46,0
pqejgtld_s003_t001_20,0
pqejgsfr_s003_t006_45,0
pqejgqxi_s001_t002_33,0
pqejgrhn_s001_t000_256,0
pqejguho_s001_t000_67,0
pqejgsfr_s002_t003_21,1
pqejgnhh_s002_t000_311,1
pqejgsmy_s003_t006_36,0
pqejgqxi_s001_t002_14,0
pqejgnhh_s002_t000_218,1
pqejgsfr_s003_t007_4,0
pqejgdyf_s001_t001_73,0
pqejgnhh_s002_t000_320,1
pqejgnhh_s002_t000_26,1
pqejgmni_s001_t001_125,1
pqejgrhn_s001_t000_27,0
pqejguho_s001_t000_27,0
pqejggiv_s001_t001_103,1
pqejgdix_s002_t001_1,0
pqejgfkt_s005_t004_42,0
pqejgfkt_s005_t000_42,0
pqejgrhn_s001_t000_58,0
pqejgnhh_s002_t000_86,1
pqejgdix_s002_t005_1,0
pqejgnhh_s002_t000_419,0
pqejgrhn_s001_t000_44,0
pqejgrhn_s001_t000_107,0
pqejgrhn_s001_t000_95,0
pqejgnog_s001_t001_22,0
pqejgsfr_s002_t002_30,0
pqejgnog_s001_t001_37,0
pqejgnhh_s002_t000_434,0
pqejgsfr_s003_t003_50,0
pqejgsfr_s003_t004_40,0
pqejgnhh_s002_t000_411,0
pqejgrhn_s003_t001_46,1
pqejgdix_s002_t004_22,0
pqejgrff_s001_t000_91,1
pqejgsmy_s003_t006_12,1
pqejgsfr_s003_t007_30,0
pqejgnkt_s002_t001_31,0
pqejgmhe_s001_t000_12,0
pqejgsfr_s002_t003_42,1
pqejgnkt_s002_t001_97,0
pqejgrhn_s001_t000_180,1
pqejgfkt_s005_t002_2,0
pqejgrhn_s003_t001_40,1
pqejgsfr_s003_t007_65,0
pqejgrhn_s003_t001_10,1
pqejgnog_s001_t001_102,0
pqejgvej_s001_t000_14,0
pqejgnog_s001_t001_100,0
pqejgsfr_s003_t006_0,0
pqejgnhh_s002_t000_240,1
pqejguho_s004_t003_42,0
pqejgrff_s001_t000_127,0
pqejgnhh_s002_t000_69,1
pqejgnog_s001_t001_28,0
pqejgnhh_s002_t000_410,0
pqejgnhh_s002_t000_18,1
pqejguho_s003_t001_20,0
pqejgsfr_s003_t003_33,0
pqejguho_s003_t002_68,0
pqejgsmy_s003_t006_37,1
pqejgmhe_s001_t000_32,0
pqejgsfr_s003_t003_56,0
pqejgmjq_s002_t000_88,0
pqejgsfr_s003_t007_66,0
pqejgnkt_s002_t001_110,0
pqejgdix_s002_t004_21,0
pqejgnhh_s002_t000_179,1
pqejgrhn_s003_t001_45,1
pqejgsfr_s002_t003_55,1
pqejgmhe_s001_t000_17,0
pqejguho_s001_t000_19,0
pqejguho_s004_t003_52,0
pqejggiv_s001_t001_100,0
pqejgnhh_s002_t000_409,0
pqejgmni_s001_t001_18,1
pqejgsfr_s003_t004_29,0
pqejgmjq_s002_t000_66,1
pqejghgm_s001_t001_31,0
pqejghgm_s001_t001_95,0
pqejgsfr_s003_t004_11,0
pqejggiv_s001_t001_9,1
pqejgrff_s001_t000_41,0
pqejgcvm_s002_t000_6,1
pqejgsfr_s003_t006_4,0
pqejgrff_s001_t000_135,1
pqejgmni_s001_t001_53,1
pqejguho_s003_t002_7,0
pqejgnhh_s002_t000_454,0
pqejgsfr_s002_t002_64,0
pqejgcvm_s001_t000_23,0
pqejgmhe_s001_t000_50,0
pqejguho_s004_t003_21,0
pqejgnkt_s002_t001_16,0
pqejgsfr_s003_t007_37,0
pqejgmni_s001_t001_1,1
pqejgnhh_s002_t000_324,0
pqejgtld_s003_t001_32,0
pqejgnhh_s002_t000_398,0
pqejgjsa_s004_t000_9,0
pqejgnhh_s002_t000_96,1
pqejgsfr_s003_t007_29,0
pqejgnhh_s002_t000_35,1
pqejgrff_s001_t000_110,0
pqejgmjq_s002_t000_27,0
pqejgrhn_s001_t000_190,1
pqejgrff_s001_t000_64,0
pqejgmjq_s002_t000_96,1
pqejgdix_s002_t005_3,0
pqejghgm_s001_t001_98,0
pqejgrhn_s003_t001_92,0
pqejgnog_s001_t001_11,0
pqejgrff_s001_t000_80,1
pqejgnih_s003_t000_20,1
pqejgrff_s001_t000_50,0
pqejgnkt_s002_t001_24,0
pqejgnhh_s002_t000_120,1
pqejgnhh_s002_t000_242,1
pqejgmhe_s001_t000_51,0
pqejgrhn_s001_t000_217,0
pqejgmni_s001_t001_120,1
pqejggiv_s001_t001_10,1
pqejgmni_s001_t001_30,1
pqejgvej_s001_t000_74,0
pqejgnhh_s002_t000_404,0
pqejgkzk_s004_t004_0,1
pqejguho_s003_t002_70,0
pqejggiv_s001_t001_15,0
pqejgsmy_s003_t006_35,0
pqejgdyf_s001_t001_51,0
pqejguho_s003_t002_23,0
pqejgsfr_s002_t003_9,1
pqejgsfr_s003_t003_45,0
pqejgnhh_s002_t000_119,1
pqejgvej_s001_t000_94,1
pqejgmjq_s002_t000_69,0
pqejgdix_s002_t001_15,1
pqejgnhh_s002_t000_429,0
pqejgmni_s001_t001_47,1
pqejgnhh_s002_t000_338,1
pqejgcvm_s001_t000_19,0
pqejgnog_s001_t001_29,0
pqejgsfr_s003_t007_39,0
pqejgrff_s001_t000_116,0
pqejgsfr_s002_t003_50,1
pqejgrhn_s003_t001_93,0
pqejguho_s003_t001_15,0
pqejghgm_s001_t001_36,0
pqejgsfr_s003_t000_16,0
pqejgrhn_s001_t000_280,0
pqejgmjq_s002_t000_65,1
pqejgdyf_s001_t001_52,0
pqejgvej_s001_t000_153,0
pqejgmni_s001_t001_145,1
pqejggiv_s001_t001_86,0
pqejgsfr_s002_t003_51,1
pqejgnhh_s002_t000_27,1
pqejgqxi_s001_t002_63,0
pqejguho_s001_t000_32,0
pqejguho_s004_t003_43,0
pqejgfkt_s005_t004_7,0
pqejgmhe_s001_t000_102,0
pqejgrhn_s003_t001_97,0
pqejguho_s003_t002_98,0
pqejgrff_s001_t000_98,1
pqejgrhn_s001_t000_237,0
pqejgnhh_s002_t000_184,1
pqejgmjq_s002_t000_25,1
pqejgnhh_s002_t000_93,1
pqejgsfr_s003_t007_20,0
pqejgnhh_s002_t000_138,1
pqejgsfr_s003_t006_39,0
pqejgnhh_s002_t000_152,1
pqejgnkt_s002_t001_40,0
pqejgdix_s002_t001_8,1
pqejgqxi_s001_t002_6,0
pqejgrhn_s001_t000_289,0
pqejghgm_s001_t001_11,0
pqejgsfr_s003_t004_42,0
pqejgfkt_s005_t000_31,0
pqejgcvm_s001_t001_15,1
pqejgmhe_s001_t000_103,1
pqejgsfr_s003_t003_32,0
pqejgnhh_s002_t000_159,1
pqejgfll_s002_t000_30,0
pqejgrff_s001_t000_136,0
pqejgmjq_s002_t000_79,1
pqejgtld_s003_t000_16,0
pqejgdix_s002_t001_21,0
pqejgrhn_s001_t000_117,0
pqejgrff_s001_t000_4,1
pqejgvej_s001_t000_90,0
pqejgnih_s003_t006_22,0
pqejgcvm_s001_t000_11,1
pqejguho_s003_t002_1,0
pqejguho_s003_t006_47,0
pqejgsfr_s003_t004_35,0
pqejgnhh_s002_t000_344,1
pqejgfkt_s005_t005_12,0
pqejguho_s001_t000_15,1
pqejgfkt_s005_t004_37,0
pqejgrff_s001_t000_14,1
pqejguho_s004_t003_16,0
pqejguho_s003_t001_21,0
pqejgvej_s001_t000_120,0
pqejguho_s003_t002_35,0
pqejgmhe_s001_t000_19,0
pqejgnhh_s002_t000_105,1
pqejgnhh_s002_t000_208,1
pqejgrhn_s001_t000_24,0
pqejggiv_s001_t001_120,0
pqejgsfr_s003_t007_6,1
pqejgfkt_s005_t004_20,0
pqejgmni_s001_t001_63,1
pqejgsfr_s002_t002_13,0
pqejguho_s003_t006_26,0
pqejgfll_s002_t000_10,0
pqejgcvm_s001_t001_18,0
pqejgrff_s001_t000_155,0
pqejgqxi_s001_t002_69,0
pqejgrhn_s001_t000_70,1
pqejggiv_s001_t001_21,0
pqejgdyf_s001_t001_64,0
pqejgnog_s001_t001_95,1
pqejgsfr_s002_t002_44,0
pqejgrff_s001_t000_46,1
pqejghgm_s001_t001_82,0
pqejghgm_s001_t001_74,0
pqejgvej_s001_t000_102,1
pqejgsfr_s003_t000_56,1
pqejgjsa_s004_t000_26,0
pqejgrhn_s001_t000_34,0
pqejgnhh_s002_t000_133,1
pqejgsfr_s003_t006_40,0
pqejgvej_s001_t000_107,0
pqejgnih_s003_t006_9,0
pqejgnhh_s002_t000_156,1
pqejgmjq_s002_t000_16,1
pqejggiv_s001_t001_74,0
pqejgnhh_s002_t000_468,0
pqejgnih_s003_t000_23,1
pqejgnih_s003_t006_5,0
pqejgfkt_s005_t004_33,0
pqejgrhn_s001_t000_215,1
pqejgtld_s003_t001_11,0
pqejgnkt_s002_t001_84,0
pqejgvej_s001_t000_93,1
pqejgnhh_s002_t000_387,0
pqejgnhh_s002_t000_151,1
pqejgnkt_s002_t001_113,0
pqejgrff_s001_t000_112,0
pqejghgm_s001_t001_92,0
pqejguho_s001_t000_42,1
pqejgnog_s001_t001_48,0
pqejgmhe_s001_t000_66,0
pqejgsfr_s003_t003_6,0
pqejgnhh_s002_t000_44,1
pqejgrhn_s001_t000_175,1
pqejgqxi_s001_t002_44,0
pqejgrff_s001_t000_30,1
pqejgmni_s001_t001_103,1
pqejgfll_s002_t000_34,1
pqejgrff_s001_t000_5,1
pqejgsfr_s003_t000_52,0
pqejguho_s001_t000_16,1
pqejgrff_s001_t000_67,1
pqejgnhh_s002_t000_232,1
pqejgsmy_s003_t006_6,0
pqejggiv_s001_t001_31,1
pqejgsfr_s003_t000_43,0
pqejgmhe_s001_t000_101,0
pqejggiv_s001_t001_97,0
pqejgsfr_s002_t002_17,1
pqejgmhe_s001_t000_2,0
pqejgnhh_s002_t000_457,0
pqejgrhn_s003_t001_111,0
pqejgnih_s003_t006_0,0
pqejgvej_s001_t000_72,0
pqejgvej_s001_t000_113,1
pqejgnkt_s002_t001_112,0
pqejgnih_s003_t006_18,0
pqejgsfr_s003_t000_53,1
pqejgmjq_s002_t000_83,0
pqejgsfr_s003_t007_11,0
pqejgmni_s001_t001_133,1
pqejgdyf_s001_t001_94,0
pqejgrhn_s003_t001_57,1
pqejgdyf_s001_t001_21,0
pqejgcvm_s001_t000_12,1
pqejgnhh_s002_t000_418,1
pqejgnog_s001_t001_35,0
pqejgsfr_s003_t004_3,0
pqejgrhn_s001_t000_176,1
pqejguho_s001_t000_66,0
pqejgsfr_s003_t007_48,0
pqejgnih_s003_t006_16,0
pqejguho_s003_t001_13,0
pqejggiv_s001_t001_87,0
pqejgnog_s001_t001_67,0
pqejghgm_s001_t001_2,0
pqejgfll_s002_t000_4,0
pqejgvej_s001_t000_31,0
pqejggiv_s001_t001_61,0
pqejghgm_s001_t001_104,0
pqejgnih_s003_t000_19,1
pqejgnkt_s002_t001_38,0
pqejghgm_s001_t001_28,0
pqejgsfr_s003_t007_12,0
pqejgrhn_s001_t000_21,0
pqejgvej_s001_t000_132,1
pqejgrhn_s001_t000_157,0
pqejgnhh_s002_t000_466,0
pqejghgm_s001_t001_1,0
pqejgfll_s002_t000_53,0
pqejgrhn_s001_t000_272,0
pqejgrhn_s001_t000_152,0
pqejgrhn_s003_t001_49,1
pqejgnhh_s002_t000_170,1
pqejgnih_s003_t006_20,0
pqejgrhn_s001_t000_172,0
pqejguho_s001_t000_26,0
pqejgvej_s001_t000_147,0
pqejgrhn_s001_t000_162,0
pqejguho_s004_t003_25,1
pqejgvej_s001_t000_151,0
pqejgfkt_s005_t001_3,0
pqejgnhh_s002_t000_422,0
pqejgnhh_s002_t000_172,1
pqejguho_s001_t000_56,0
pqejgrff_s001_t000_132,0
pqejgfkt_s005_t004_11,0
pqejgrff_s001_t000_114,0
pqejggiv_s001_t001_38,1
pqejgmni_s001_t001_7,1
pqejgfkt_s005_t000_23,0
pqejgmhe_s001_t000_96,0
pqejgmni_s001_t001_22,1
pqejguho_s003_t002_0,0
pqejgcvm_s002_t000_8,1
pqejgvej_s001_t000_52,0
pqejgnih_s003_t000_9,1
pqejguho_s004_t005_14,0
pqejgsfr_s002_t002_9,0
pqejguho_s003_t006_25,0
pqejguho_s003_t002_21,0
pqejgmni_s001_t001_121,1
pqejgrff_s001_t000_31,1
pqejgrhn_s001_t000_46,0
pqejgnhh_s002_t000_113,1
pqejgvej_s001_t000_69,0
pqejgtld_s003_t001_7,0
pqejgrhn_s001_t000_240,0
pqejgnhh_s002_t000_107,1
pqejgnkt_s002_t001_13,0
pqejgsfr_s002_t002_33,0
pqejgsfr_s003_t007_71,0
pqejgnhh_s002_t000_327,1
pqejgrhn_s001_t000_89,0
pqejguho_s001_t000_60,0
pqejgqxi_s001_t002_22,0
pqejgqxi_s001_t002_87,0
pqejgnog_s001_t001_38,1
pqejgfkt_s005_t004_38,0
pqejguho_s004_t005_6,0
pqejgsfr_s003_t007_57,0
pqejgfkt_s005_t000_29,0
pqejgnhh_s002_t000_459,1
pqejgdyf_s001_t001_27,0
pqejgqxi_s001_t002_29,0
pqejgnhh_s002_t000_415,0
pqejgtld_s003_t001_3,0
pqejgvej_s001_t000_140,0
pqejgmhe_s001_t000_28,0
pqejgrff_s001_t000_18,1
pqejgmni_s001_t001_70,1
pqejguho_s003_t002_50,0
pqejgnih_s003_t000_7,1
pqejgdyf_s001_t001_67,0
pqejgtld_s003_t001_40,0
pqejgrhn_s001_t000_71,0
pqejgsfr_s003_t006_25,0
pqejgrff_s001_t000_79,1
pqejgnhh_s002_t000_417,0
pqejgmni_s001_t001_156,1
pqejgmhe_s001_t000_9,0
pqejgnkt_s002_t001_88,0
pqejgcvm_s002_t000_9,1
pqejgfll_s002_t000_19,0
pqejgrff_s001_t000_22,1
pqejgfll_s002_t000_50,0
pqejggiv_s001_t001_83,0
pqejgnhh_s002_t000_34,1
pqejgmni_s001_t001_113,1
pqejgqxi_s001_t002_45,0
pqejgfll_s002_t000_3,0
pqejgrhn_s001_t000_171,0
pqejgfkt_s005_t000_37,1
pqejgrff_s001_t000_122,0
pqejgnhh_s002_t000_462,1
pqejgrhn_s003_t001_39,1
pqejgnhh_s002_t000_433,0
pqejgcvm_s001_t000_8,1
pqejgnog_s001_t001_83,0
pqejguho_s001_t000_55,1
pqejgvej_s001_t000_101,1
pqejgnog_s001_t001_80,0
pqejgmni_s001_t001_126,1
pqejgsfr_s003_t003_35,0
pqejgrhn_s001_t000_166,0
pqejgsfr_s003_t006_12,0
pqejgvej_s001_t000_66,0
pqejghgm_s001_t001_5,0
pqejghgm_s001_t001_78,0
pqejgsfr_s003_t000_54,1
pqejgrhn_s001_t000_196,0
pqejghgm_s001_t001_103,0
pqejgrhn_s003_t001_98,0
pqejgrhn_s001_t000_268,0
pqejgrhn_s001_t000_178,1
pqejgnhh_s002_t000_447,0
pqejgdix_s002_t001_14,1
pqejgvej_s001_t000_141,0
pqejggiv_s001_t001_35,0
pqejgnhh_s002_t000_39,1
pqejgqxi_s001_t002_27,0
pqejgrhn_s001_t000_241,0
pqejghgm_s001_t001_46,0
pqejguho_s001_t000_71,1
pqejguho_s003_t006_44,0
pqejgmni_s001_t001_64,1
pqejgmjq_s002_t000_37,1
pqejgmjq_s002_t000_5,0
pqejgqxi_s001_t002_58,0
pqejgqxi_s001_t002_1,0
pqejglig_s002_t000_10,0
pqejguho_s001_t000_68,0
pqejgsfr_s003_t004_8,0
pqejgfkt_s005_t000_35,1
pqejgnog_s001_t001_101,0
pqejgfkt_s005_t005_11,0
pqejgrff_s001_t000_62,1
pqejgmhe_s001_t000_4,0
pqejgrhn_s001_t000_104,0
pqejgrhn_s003_t001_81,0
pqejgnkt_s002_t001_119,0
pqejgfkt_s005_t000_38,1
pqejgsfr_s003_t007_25,0
pqejgdyf_s001_t001_29,0
pqejgsfr_s003_t000_2,0
pqejgmjq_s002_t000_90,1
pqejguho_s001_t000_46,0
pqejgsfr_s003_t003_37,0
pqejgsfr_s003_t007_5,0
pqejgrhn_s001_t000_85,0
pqejgsfr_s003_t003_22,0
pqejguho_s003_t002_52,0
pqejgnog_s001_t001_14,0
pqejgdix_s002_t001_9,1
pqejgmni_s001_t001_134,1
pqejgnkt_s002_t001_21,0
pqejgnkt_s002_t001_54,0
pqejgnih_s003_t006_12,0
pqejgnhh_s002_t000_17,1
pqejguho_s003_t002_58,0
pqejggiv_s001_t001_20,0
pqejgsfr_s003_t006_11,0
pqejgnhh_s002_t000_97,1
pqejguho_s004_t003_53,0
pqejgsfr_s003_t007_47,0
pqejgnhh_s002_t000_128,1
pqejgmjq_s002_t000_11,0
pqejguho_s001_t000_28,0
pqejgtld_s003_t001_48,0
pqejgrhn_s001_t000_66,0
pqejgmhe_s001_t000_69,1
pqejgmni_s001_t001_45,1
pqejgrhn_s003_t001_15,1
pqejguho_s001_t000_4,0
pqejgnkt_s002_t001_120,0
pqejgnhh_s002_t000_303,1
pqejgnhh_s002_t000_164,1
pqejgnkt_s002_t001_52,0
pqejguho_s003_t002_69,0
pqejgmjq_s002_t000_24,0
pqejghgm_s001_t001_54,0
pqejgsfr_s002_t003_44,1
pqejgnkt_s002_t001_30,0
pqejghgm_s001_t001_13,0
pqejgnih_s003_t000_13,0
pqejgnhh_s002_t000_101,1
pqejgdix_s002_t001_17,0
pqejgsfr_s003_t004_25,0
pqejgvej_s001_t000_124,0
pqejgnog_s001_t001_77,0
pqejgvej_s001_t000_152,0
pqejgnhh_s002_t000_305,1
pqejgrhn_s001_t000_42,0
pqejgsfr_s003_t000_17,0
pqejgmhe_s001_t000_104,1
pqejguho_s003_t002_49,0
pqejghgm_s001_t001_56,0
pqejgnhh_s002_t000_58,1
pqejghgm_s001_t001_75,1
pqejguho_s001_t000_63,0
pqejgnkt_s002_t001_123,0
pqejgvej_s001_t000_126,0
pqejgnhh_s002_t000_167,1
pqejgnhh_s002_t000_359,0
pqejgvej_s001_t000_9,0
pqejglig_s002_t000_15,0
pqejgdyf_s001_t001_0,0
pqejgtld_s003_t001_0,0
pqejgqxi_s001_t002_51,0
pqejgcvm_s001_t000_14,1
pqejgdyf_s001_t001_1,0
pqejgrhn_s001_t000_17,0
pqejgsmy_s003_t006_18,0
pqejguho_s003_t002_9,0
pqejgdix_s002_t004_18,0
pqejgvej_s001_t000_96,1
pqejgsfr_s002_t003_53,1
pqejgrff_s001_t000_16,1
pqejgrhn_s003_t001_42,1
pqejguho_s001_t000_49,0
pqejghgm_s001_t001_71,0
pqejgnhh_s002_t000_154,1
pqejgrhn_s003_t001_78,1
pqejgsfr_s002_t003_48,1
pqejgrff_s001_t000_120,0
pqejgsfr_s003_t003_0,0
pqejgrhn_s001_t000_124,0
pqejgsfr_s003_t006_3,0
pqejgmhe_s001_t000_30,0
pqejgnhh_s002_t000_273,1
pqejghgm_s001_t001_81,0
pqejgdix_s002_t001_3,0
pqejguho_s003_t002_40,0
pqejgfkt_s005_t004_2,0
pqejgfll_s002_t000_15,0
pqejgrhn_s001_t000_164,0
pqejgnhh_s002_t000_87,1
pqejgrff_s001_t000_150,1
pqejgsfr_s002_t003_26,1
pqejgnih_s003_t000_10,1
pqejgfll_s002_t000_23,1
pqejgmhe_s001_t000_20,0
pqejgnog_s001_t001_21,0
pqejgrhn_s003_t000_1,1
pqejgqxi_s001_t002_5,0
pqejgmni_s001_t001_107,1
pqejgfkt_s005_t003_2,0
pqejglig_s002_t000_11,0
pqejgdix_s002_t004_6,1
pqejghgm_s001_t001_38,0
pqejguho_s004_t003_51,0
pqejghgm_s001_t001_85,1
pqejgrhn_s001_t000_158,0
pqejggiv_s001_t001_68,0
pqejgmjq_s002_t000_14,0
pqejgrhn_s001_t000_243,0
pqejgrhn_s003_t001_6,1
pqejgrhn_s001_t000_31,0
pqejgsfr_s003_t004_44,0
pqejgmni_s001_t001_98,1
pqejgnhh_s002_t000_441,0
pqejgnhh_s002_t000_307,1
pqejgnhh_s002_t000_283,1
pqejgsmy_s003_t006_4,0
pqejgsfr_s003_t004_55,0
pqejghgm_s001_t001_16,0
pqejgnkt_s002_t001_62,0
pqejgnhh_s002_t000_61,1
pqejgsfr_s002_t003_10,1
pqejgnog_s001_t001_104,0
pqejgrhn_s003_t000_2,1
pqejguho_s004_t003_18,0
pqejgkzk_s004_t004_5,0
pqejgrhn_s001_t000_1,1
pqejguho_s003_t006_32,0
pqejgnkt_s002_t001_34,0
pqejgdyf_s001_t001_79,0
pqejgnhh_s002_t000_407,0
pqejgsfr_s003_t004_20,0
pqejguho_s004_t003_4,0
pqejgsfr_s003_t004_16,0
pqejgsfr_s002_t002_5,0
pqejgnih_s003_t000_14,1
pqejgvej_s001_t000_100,1
pqejgdyf_s001_t001_37,0
pqejgtld_s003_t000_0,0
pqejgdix_s002_t005_11,0
pqejgrhn_s003_t001_41,1
pqejgmhe_s001_t000_83,0
pqejgnhh_s002_t000_313,0
pqejgnhh_s002_t000_214,1
pqejgvej_s001_t000_75,0
pqejgsfr_s003_t007_46,0
pqejgtld_s003_t000_3,0
pqejgrff_s001_t000_126,0
pqejgrhn_s001_t000_286,0
pqejgrhn_s003_t001_11,1
pqejguho_s003_t002_38,0
pqejgvej_s001_t000_62,0
pqejgsfr_s002_t003_60,1
pqejgsmy_s003_t006_28,0
pqejgmni_s001_t001_112,1
pqejgnog_s001_t001_76,1
pqejgfkt_s005_t000_2,0
pqejgvej_s001_t000_130,0
pqejgsfr_s003_t000_4,0
pqejgnkt_s002_t001_103,0
pqejggiv_s001_t001_88,0
pqejgnog_s001_t001_27,0
pqejgnhh_s002_t000_220,1
pqejggiv_s001_t001_95,1
pqejgrhn_s001_t000_110,0
pqejgtld_s003_t000_1,0
pqejgnhh_s002_t000_81,1
pqejguho_s004_t005_23,0
pqejgnkt_s002_t001_64,0
pqejgvej_s001_t000_87,1
pqejglig_s002_t000_5,0
pqejgnhh_s002_t000_135,1
pqejgnkt_s002_t001_17,0
pqejgmhe_s001_t000_108,0
pqejgmjq_s002_t000_59,1
pqejgjsa_s004_t000_2,0
pqejgsfr_s003_t007_10,0
pqejguho_s001_t000_22,0
pqejghgm_s001_t001_47,0
pqejgnkt_s002_t001_82,0
pqejgnkt_s002_t001_36,0
pqejgvej_s001_t000_49,0
pqejggiv_s001_t001_46,0
pqejgmni_s001_t001_127,1
pqejguho_s003_t002_77,1
pqejgdyf_s001_t001_68,1
pqejgdix_s002_t001_25,0
pqejgvej_s001_t000_29,0
pqejgsmy_s003_t006_40,0
pqejgrhn_s001_t000_254,0
pqejgfkt_s005_t004_9,0
pqejgvej_s001_t000_121,0
pqejguho_s003_t002_56,0
pqejguho_s003_t002_91,0
pqejgnhh_s002_t000_315,0
pqejgtld_s003_t001_10,0
pqejgsfr_s002_t002_43,0
pqejgkzk_s004_t004_16,0
pqejgsfr_s003_t000_7,0
pqejgsfr_s003_t003_8,0
pqejgnkt_s002_t001_79,0
pqejguho_s001_t000_72,1
pqejgqxi_s001_t002_65,0
pqejgsfr_s003_t007_61,0
pqejgsmy_s003_t006_46,1
pqejggiv_s001_t001_48,0
pqejgrhn_s001_t000_18,0
pqejguho_s004_t003_19,0
pqejghgm_s001_t001_42,0
pqejgrhn_s001_t000_29,0
pqejgsmy_s003_t006_31,0
pqejgrff_s001_t000_100,0
pqejgrff_s001_t000_73,1
pqejgnog_s001_t001_90,0
pqejgdyf_s001_t001_13,0
pqejgrhn_s001_t000_25,0
pqejgsmy_s003_t006_2,0
pqejgnhh_s002_t000_333,1
pqejghgm_s001_t001_86,1
pqejgnhh_s002_t000_109,1
pqejgfll_s002_t000_29,0
pqejgmni_s001_t001_20,1
pqejgdix_s002_t004_3,0
pqejguho_s003_t006_4,0
pqejgfll_s002_t000_48,0
pqejgnhh_s002_t000_239,1
pqejgtld_s003_t001_6,0
pqejguho_s003_t006_41,0
pqejgsfr_s003_t004_33,0
pqejgsfr_s003_t007_45,0
pqejgsfr_s002_t003_57,1
pqejgdix_s002_t005_21,0
pqejgsfr_s002_t003_7,1
pqejgjsa_s004_t000_27,0
pqejgnhh_s002_t000_116,0
pqejguho_s003_t002_15,0
pqejguho_s004_t003_47,0
pqejgnog_s001_t001_20,0
pqejgfll_s002_t000_25,0
pqejgmni_s001_t001_152,1
pqejgmjq_s002_t000_28,0
pqejghgm_s001_t001_23,0
pqejgqxi_s001_t002_19,0
pqejgcvm_s001_t000_5,1
pqejguho_s003_t006_13,0
pqejgsfr_s003_t000_35,1
pqejgsfr_s003_t007_3,0
pqejgqxi_s001_t002_46,0
pqejgrhn_s001_t000_143,0
pqejgdyf_s001_t001_69,1
pqejgnhh_s002_t000_444,0
pqejgqxi_s001_t002_81,0
pqejgnhh_s002_t000_219,1
pqejgnhh_s002_t000_449,0
pqejgnhh_s002_t000_104,1
pqejgdix_s002_t001_12,0
pqejgsfr_s002_t002_16,0
pqejghgm_s001_t001_24,0
pqejguho_s003_t006_15,0
pqejgmni_s001_t001_58,1
pqejguho_s001_t000_5,0
pqejgvej_s001_t000_3,0
pqejgrhn_s001_t000_88,0
pqejgsfr_s003_t003_21,0
pqejghgm_s001_t001_18,0
pqejgnog_s001_t001_79,0
pqejgnog_s001_t001_61,0
pqejgnog_s001_t001_43,0
pqejgfll_s002_t000_51,0
pqejgqxi_s001_t002_91,0
pqejgmni_s001_t001_14,1
pqejgcvm_s002_t000_7,1
pqejgnhh_s002_t000_183,1
pqejgvej_s001_t000_77,0
pqejgsfr_s003_t003_1,0
pqejghgm_s001_t001_67,0
pqejggiv_s001_t001_94,1
pqejgsfr_s003_t006_47,0
pqejguho_s003_t001_4,0
pqejguho_s001_t000_44,1
pqejgrhn_s001_t000_125,0
pqejgrhn_s003_t001_30,1
pqejggiv_s001_t001_90,1
pqejgrff_s001_t000_153,1
pqejglig_s002_t000_18,0
pqejggiv_s001_t001_55,0
pqejgnkt_s002_t001_4,0
pqejgdyf_s001_t001_11,0
pqejgrff_s001_t000_40,1
pqejgnhh_s002_t000_57,1
pqejgrhn_s001_t000_210,1
pqejgnhh_s002_t000_213,0
pqejgrff_s001_t000_60,1
pqejgsfr_s002_t002_53,0
pqejgvej_s001_t000_55,0
pqejgnhh_s002_t000_295,0
pqejgsmy_s003_t006_42,1
pqejgrhn_s003_t001_34,1
pqejgnhh_s002_t000_332,1
pqejgrff_s001_t000_19,1
pqejgsmy_s003_t006_16,1
pqejgmni_s001_t001_3,1
pqejgnhh_s002_t000_72,1
pqejgnkt_s002_t001_53,0
pqejgdyf_s001_t001_91,1
pqejgsfr_s003_t004_58,0
pqejgnhh_s002_t000_245,1
pqejgdyf_s001_t001_24,0
pqejgdix_s002_t002_12,1
pqejgfkt_s005_t001_4,1
pqejgrhn_s003_t001_122,0
pqejgnhh_s002_t000_123,0
pqejgqxi_s001_t002_76,0
pqejgfll_s002_t000_13,0
pqejgsfr_s003_t000_32,0
pqejgsfr_s002_t002_29,0
pqejgsfr_s003_t000_47,0
pqejgrhn_s003_t001_123,0
pqejgdyf_s001_t001_78,0
pqejghgm_s001_t001_9,0
pqejgrhn_s001_t000_174,0
pqejgnhh_s002_t000_163,1
pqejgnkt_s002_t001_91,0
pqejgnhh_s002_t000_285,1
pqejgsfr_s003_t006_41,0
pqejgvej_s001_t000_27,0
pqejgnih_s003_t000_21,1
pqejgnhh_s002_t000_426,0
pqejguho_s003_t002_72,0
pqejgmhe_s001_t000_24,0
pqejgrhn_s003_t001_13,1
pqejgrhn_s001_t000_23,0
pqejgrhn_s003_t001_0,1
pqejghgm_s001_t001_73,0
pqejgnhh_s002_t000_131,1
pqejgqxi_s001_t002_9,0
pqejguho_s003_t002_4,0
pqejgmni_s001_t001_154,1
pqejgfll_s002_t000_12,0
pqejgnhh_s002_t000_416,0
pqejgnhh_s002_t000_288,1
pqejgsfr_s003_t006_53,0
pqejgsfr_s003_t007_55,0
pqejgnkt_s002_t001_41,0
pqejgtld_s003_t001_15,0
pqejgsfr_s003_t006_19,0
pqejgnhh_s002_t000_68,1
pqejgnhh_s002_t000_294,0
pqejguho_s001_t000_8,1
pqejguho_s001_t000_47,0
pqejglig_s002_t000_19,0
pqejgsfr_s003_t004_59,0
pqejgnkt_s002_t001_37,0
pqejgfkt_s005_t005_9,0
pqejguho_s003_t002_39,0
pqejggiv_s001_t001_53,0
pqejgrhn_s001_t000_123,0
pqejgnhh_s002_t000_328,1
pqejgfkt_s005_t005_8,0
pqejgrhn_s003_t001_83,0
pqejgrff_s001_t000_51,0
pqejgmni_s001_t001_129,1
pqejgmhe_s001_t000_59,0
pqejgnih_s003_t000_4,1
pqejgfkt_s005_t004_16,1
pqejgmni_s001_t001_150,1
pqejgrff_s001_t000_151,1
pqejgfll_s002_t000_27,1
pqejgtld_s003_t000_18,0
pqejgtld_s003_t000_23,0
pqejgsfr_s003_t007_67,0
pqejgnkt_s002_t001_55,0
pqejgrhn_s003_t001_1,1
pqejgrhn_s001_t000_2,1
pqejgdyf_s001_t001_86,0
pqejgvej_s001_t000_139,0
pqejgdix_s002_t005_10,0
pqejgnhh_s002_t000_317,0
pqejgnhh_s002_t000_171,1
pqejgrff_s001_t000_94,1
pqejgnog_s001_t001_75,1
pqejgvej_s001_t000_28,0
pqejguho_s003_t002_54,0
pqejgsfr_s003_t004_30,0
pqejgsfr_s002_t002_3,0
pqejgsfr_s003_t004_37,0
pqejgnhh_s002_t000_3,1
pqejgnog_s001_t001_1,1
pqejgnhh_s002_t000_260,1
pqejgmni_s001_t001_36,1
pqejgrff_s001_t000_42,0
pqejgrff_s001_t000_35,1
pqejgmni_s001_t001_122,1
pqejgnog_s001_t001_56,0
pqejguho_s001_t000_3,0
pqejggiv_s001_t001_69,0
pqejgrhn_s001_t000_111,0
pqejguho_s003_t002_42,0
pqejgrff_s001_t000_92,1
pqejgnhh_s002_t000_200,1
pqejgnhh_s002_t000_234,0
pqejghgm_s001_t001_7,0
pqejgrff_s001_t000_0,1
pqejggiv_s001_t001_3,0
pqejgcvm_s001_t000_7,1
pqejgnhh_s002_t000_38,1
pqejgrhn_s001_t000_102,0
pqejguho_s001_t000_73,0
pqejgnkt_s002_t001_28,0
pqejgmjq_s002_t000_53,1
pqejgsfr_s002_t003_36,1
pqejgrhn_s001_t000_122,0
pqejgrhn_s001_t000_168,0
pqejgrff_s001_t000_85,1
pqejgmhe_s001_t000_22,0
pqejgsfr_s003_t006_30,0
pqejghgm_s001_t001_100,0
pqejgnog_s001_t001_58,1
pqejgvej_s001_t000_4,0
pqejgrhn_s001_t000_20,0
pqejgmhe_s001_t000_73,1
pqejgnog_s001_t001_54,0
pqejgnhh_s002_t000_2,1
pqejgnhh_s002_t000_274,1
pqejgrhn_s003_t001_91,0
pqejgnkt_s002_t001_14,0
pqejgnhh_s002_t000_278,0
pqejgnkt_s002_t001_83,0
pqejgcvm_s001_t001_14,1
pqejgmhe_s001_t000_35,0
pqejgsfr_s003_t000_51,0
pqejgcvm_s002_t000_20,0
pqejguho_s001_t000_10,0
pqejgtld_s003_t001_5,0
pqejgnhh_s002_t000_329,1
pqejgrhn_s001_t000_6,0
pqejgfll_s002_t000_26,1
pqejgnhh_s002_t000_82,1
pqejgrff_s001_t000_75,1
pqejgnhh_s002_t000_185,1
pqejghgm_s001_t001_25,0
pqejguho_s003_t002_41,0
pqejgqxi_s001_t002_4,0
pqejgmjq_s002_t000_17,1
pqejgvej_s001_t000_48,0
pqejgmhe_s001_t000_100,0
pqejgmhe_s001_t000_81,0
pqejgnkt_s002_t001_117,0
pqejgqxi_s001_t002_60,0
pqejguho_s003_t002_61,0
pqejgrhn_s001_t000_50,0
pqejgrhn_s003_t001_66,1
pqejgdyf_s001_t001_40,0
pqejgsmy_s003_t006_7,0
pqejgnhh_s002_t000_229,1
pqejggiv_s001_t001_43,0
pqejgsfr_s002_t002_23,0
pqejgnhh_s002_t000_323,1
pqejgfkt_s005_t004_10,0
pqejgvej_s001_t000_57,1
pqejgfkt_s005_t002_0,0
pqejgvej_s001_t000_22,1
pqejgsfr_s003_t003_62,0
pqejgsfr_s003_t003_31,0
pqejguho_s003_t002_83,0
pqejgdyf_s001_t001_74,0
pqejgnhh_s002_t000_54,1
pqejgqxi_s001_t002_7,0
pqejggiv_s001_t001_32,0
pqejgsfr_s003_t006_48,0
pqejgrhn_s001_t000_259,0
pqejgsfr_s003_t006_7,0
pqejgfkt_s005_t000_22,0
pqejgsfr_s003_t004_19,0
pqejgnhh_s002_t000_282,1
pqejgmhe_s001_t000_10,0
pqejguho_s003_t002_81,1
pqejgrff_s001_t000_59,0
pqejgrhn_s001_t000_230,0
pqejgmhe_s001_t000_58,0
pqejgnhh_s002_t000_469,0
pqejgmjq_s002_t000_75,1
pqejgmhe_s001_t000_41,0
pqejgnhh_s002_t000_140,0
pqejgrhn_s001_t000_64,1
